section,subsection,markers,marker_roles,name,qualifier,address,cross_reference,canvas_fragment,image
BOOKSELLERS,Booksellers in General,*†,Printers; Publishers,Coghlan F.,,5 Brydges st. & 457 Strand,,"https://cdm16445.contentdm.oclc.org/iiif/p16445coll4:27075/canvas/c674#xywh=678,474,3246,60",0002_p16445coll4:27075.jpg
BOOKSELLERS,Booksellers in General,†,Publishers,Colburn Henry,,13 Gt. Marlborough st,,"https://cdm16445.contentdm.oclc.org/iiif/p16445coll4:27075/canvas/c674#xywh=564,534,3390,62",0002_p16445coll4:27075.jpg
BOOKSELLERS,Booksellers in General,‖,General Stationers,Cole Joseph,,London street Greenwich,,"https://cdm16445.contentdm.oclc.org/iiif/p16445coll4:27075/canvas/c674#xywh=567,659,3385,72",0002_p16445coll4:27075.jpg
BOOKSELLERS,Booksellers in General,‖,General Stationers,Collins Miss Julia,,29 Orchard street,,"https://cdm16445.contentdm.oclc.org/iiif/p16445coll4:27075/canvas/c674#xywh=571,725,3384,71",0002_p16445coll4:27075.jpg
BOOKSELLERS,Booksellers in General,,,Collins Samuel,,84 St. John street rd,,"https://cdm16445.contentdm.oclc.org/iiif/p16445coll4:27075/canvas/c674#xywh=568,792,3383,64",0002_p16445coll4:27075.jpg
BOOKSELLERS,Booksellers in General,,,Collyer E. & A.,,5 Prospect pl. Chelsea,,"https://cdm16445.contentdm.oclc.org/iiif/p16445coll4:27075/canvas/c674#xywh=568,856,3349,68",0002_p16445coll4:27075.jpg
BOOKSELLERS,Booksellers in General,,,Corbett Thomas,,218 Tottenham ct. rd,,"https://cdm16445.contentdm.oclc.org/iiif/p16445coll4:27075/canvas/c674#xywh=568,926,2086,58",0002_p16445coll4:27075.jpg
BOOKSELLERS,Booksellers in General,†,Publishers,Cornish Samuel & Co.,,126 Newgate st,,"https://cdm16445.contentdm.oclc.org/iiif/p16445coll4:27075/canvas/c674#xywh=560,988,2125,64",0002_p16445coll4:27075.jpg
BOOKSELLERS,Booksellers in General,,,Courtier Charles,,3 Bouverie street,,"https://cdm16445.contentdm.oclc.org/iiif/p16445coll4:27075/canvas/c674#xywh=566,1119,1043,61",0002_p16445coll4:27075.jpg
BOOKSELLERS,Booksellers in General,‖,General Stationers,Cowel Jas.W.,,6Waterloo ter.Comrl.rd.ea,,"https://cdm16445.contentdm.oclc.org/iiif/p16445coll4:27075/canvas/c674#xywh=575,1178,3319,66",0002_p16445coll4:27075.jpg
BOOKSELLERS,Booksellers in General,*,Printers,Cowell Joseph,,"23 Queen's row,Pimlico",,"https://cdm16445.contentdm.oclc.org/iiif/p16445coll4:27075/canvas/c674#xywh=572,1248,3371,58",0002_p16445coll4:27075.jpg
BOOKSELLERS,Booksellers in General,‖,General Stationers,"Cowie, Jolland & Co.",,31 Poultry,,"https://cdm16445.contentdm.oclc.org/iiif/p16445coll4:27075/canvas/c674#xywh=564,1315,952,54",0002_p16445coll4:27075.jpg
BOOKSELLERS,Booksellers in General,,,Coxhead Joseph,,249 High Holborn,,"https://cdm16445.contentdm.oclc.org/iiif/p16445coll4:27075/canvas/c674#xywh=568,1378,1016,55",0002_p16445coll4:27075.jpg
BOOKSELLERS,Booksellers in General,,,Crabb James A.,,80 Cheapside,,"https://cdm16445.contentdm.oclc.org/iiif/p16445coll4:27075/canvas/c674#xywh=564,1443,869,54",0002_p16445coll4:27075.jpg
BOOKSELLERS,Booksellers in General,†,Publishers,Cradock T. M. & Co.,,48 Paternoster rw,,"https://cdm16445.contentdm.oclc.org/iiif/p16445coll4:27075/canvas/c674#xywh=553,1505,3401,58",0002_p16445coll4:27075.jpg
BOOKSELLERS,Booksellers in General,‖c*,General Stationers; Bookbinders; Printers,Cresswell John,,121 Crawford street,,"https://cdm16445.contentdm.oclc.org/iiif/p16445coll4:27075/canvas/c674#xywh=563,1567,3210,64",0002_p16445coll4:27075.jpg
BOOKSELLERS,Booksellers in General,*§‖b,Printers; Librarians; General Stationers; Account-book makers,Crew Francis,,27 Lamb's Conduit st,,"https://cdm16445.contentdm.oclc.org/iiif/p16445coll4:27075/canvas/c674#xywh=553,1635,3280,56",0002_p16445coll4:27075.jpg
BOOKSELLERS,Booksellers in General,,,Crick Mrs. Susanna,,"Broadway, Stratfrd",,"https://cdm16445.contentdm.oclc.org/iiif/p16445coll4:27075/canvas/c674#xywh=556,1693,3304,71",0002_p16445coll4:27075.jpg
BOOKSELLERS,Booksellers in General,†,Publishers,Crofts William,,19 Chancery lane,,"https://cdm16445.contentdm.oclc.org/iiif/p16445coll4:27075/canvas/c674#xywh=557,1766,1035,52",0002_p16445coll4:27075.jpg
BOOKSELLERS,Booksellers in General,,,Crouch Geo.,,"5 Tudor st. & 1 Crown ct. Bridge street, Blackfriars",,"https://cdm16445.contentdm.oclc.org/iiif/p16445coll4:27075/canvas/c674#xywh=561,1830,3143,56",0002_p16445coll4:27075.jpg
BOOKSELLERS,Booksellers in General,,,Crozier Robt.,,29 Bow st. Covent garden,,"https://cdm16445.contentdm.oclc.org/iiif/p16445coll4:27075/canvas/c674#xywh=553,1956,3397,57",0002_p16445coll4:27075.jpg
BOOKSELLERS,Booksellers in General,‖,General Stationers,Cummins Mrs. H.,,"80 New cut,Lambeth",,"https://cdm16445.contentdm.oclc.org/iiif/p16445coll4:27075/canvas/c674#xywh=553,2084,3397,56",0002_p16445coll4:27075.jpg
BOOKSELLERS,Booksellers in General,†‖,Publishers; General Stationers,Dalton Wm. Henry,,28 Cockspur st,,"https://cdm16445.contentdm.oclc.org/iiif/p16445coll4:27075/canvas/c674#xywh=552,2207,3403,66",0002_p16445coll4:27075.jpg
BOOKSELLERS,Booksellers in General,†,Publishers,Daly Charles,,19 Red Lion sq. Holborn,,"https://cdm16445.contentdm.oclc.org/iiif/p16445coll4:27075/canvas/c674#xywh=560,2272,3224,62",0002_p16445coll4:27075.jpg
BOOKSELLERS,Booksellers in General,‖a,General Stationers; Newsvenders,Daniel Richd.,,2 King st. Covent garden,,"https://cdm16445.contentdm.oclc.org/iiif/p16445coll4:27075/canvas/c674#xywh=555,2332,3401,73",0002_p16445coll4:27075.jpg
BOOKSELLERS,Booksellers in General,,,Daniell Edward,,53 Mortimer street,,"https://cdm16445.contentdm.oclc.org/iiif/p16445coll4:27075/canvas/c674#xywh=550,2399,1030,62",0002_p16445coll4:27075.jpg
BOOKSELLERS,Booksellers in General,,,Davis Charles,,48 Coleman street,,"https://cdm16445.contentdm.oclc.org/iiif/p16445coll4:27075/canvas/c674#xywh=553,2533,959,55",0002_p16445coll4:27075.jpg
BOOKSELLERS,Booksellers in General,‖a,General Stationers; Newsvenders,Davis Charles,,41 Gt. Marylebone st.,,"https://cdm16445.contentdm.oclc.org/iiif/p16445coll4:27075/canvas/c674#xywh=556,2594,2072,58",0002_p16445coll4:27075.jpg
BOOKSELLERS,Booksellers in General,,,Dawson Jas.,,38 White Lion st. Pntnvl,,"https://cdm16445.contentdm.oclc.org/iiif/p16445coll4:27075/canvas/c674#xywh=556,2656,2186,60",0002_p16445coll4:27075.jpg
BOOKSELLERS,Booksellers in General,†*,Publishers; Printers,Dean &Munday,,35&40Threadneedle st,,"https://cdm16445.contentdm.oclc.org/iiif/p16445coll4:27075/canvas/c674#xywh=549,2721,3333,57",0002_p16445coll4:27075.jpg
BOOKSELLERS,Booksellers in General,†,Publishers,Dinnis James,,62 Paternoster row,,"https://cdm16445.contentdm.oclc.org/iiif/p16445coll4:27075/canvas/c674#xywh=553,2849,1012,56",0002_p16445coll4:27075.jpg
BOOKSELLERS,Booksellers in General,,,Dodson Daniel,,"137 Fleet street & 4 New street, Covent garden",,"https://cdm16445.contentdm.oclc.org/iiif/p16445coll4:27075/canvas/c674#xywh=553,2914,3397,56",0002_p16445coll4:27075.jpg
BOOKSELLERS,Booksellers in General,†,Publishers,Dolman Charles,,61 New Bond street,,"https://cdm16445.contentdm.oclc.org/iiif/p16445coll4:27075/canvas/c674#xywh=553,3039,3394,57",0002_p16445coll4:27075.jpg
BOOKSELLERS,Booksellers in General,,,Douglas Mrs. M. E.,,16 Lit.Knightrider st,,"https://cdm16445.contentdm.oclc.org/iiif/p16445coll4:27075/canvas/c674#xywh=553,3103,3246,58",0002_p16445coll4:27075.jpg
BOOKSELLERS,Booksellers in General,,,Dowding John,,82 Newgate street,,"https://cdm16445.contentdm.oclc.org/iiif/p16445coll4:27075/canvas/c674#xywh=553,3167,982,57",0002_p16445coll4:27075.jpg
BOOKSELLERS,Booksellers in General,,,Dowie John E.,,14 Crown st. Walworth,,"https://cdm16445.contentdm.oclc.org/iiif/p16445coll4:27075/canvas/c674#xywh=557,3294,3393,58",0002_p16445coll4:27075.jpg
BOOKSELLERS,Booksellers in General,,,Doyle Martin,,82 Chancery lane,,"https://cdm16445.contentdm.oclc.org/iiif/p16445coll4:27075/canvas/c674#xywh=551,3358,918,57",0002_p16445coll4:27075.jpg
BOOKSELLERS,Booksellers in General,¶‖,Printsellers; General Stationers,Drewett Mrs. Ann,,62 Quadrant,,"https://cdm16445.contentdm.oclc.org/iiif/p16445coll4:27075/canvas/c674#xywh=555,3420,1005,58",0002_p16445coll4:27075.jpg
BOOKSELLERS,Booksellers in General,,,Drysdale James,,165 Goswell street,,"https://cdm16445.contentdm.oclc.org/iiif/p16445coll4:27075/canvas/c674#xywh=551,3483,1027,58",0002_p16445coll4:27075.jpg
BOOKSELLERS,Booksellers in General,†,Publishers,Duncan & Malcolm,,37 Paternoster row,,"https://cdm16445.contentdm.oclc.org/iiif/p16445coll4:27075/canvas/c674#xywh=549,3544,3406,72",0002_p16445coll4:27075.jpg
BOOKSELLERS,Booksellers in General,,,Dyer Thomas,,"24 Princes st. Leicester sq High street, Bloomsbury",,"https://cdm16445.contentdm.oclc.org/iiif/p16445coll4:27075/canvas/c674#xywh=553,3605,2067,66",0002_p16445coll4:27075.jpg
BOOKSELLERS,Booksellers in General,§‖,Librarians; General Stationers,Earle Geo.,,"67 Castle st. east, Oxford st",,"https://cdm16445.contentdm.oclc.org/iiif/p16445coll4:27075/canvas/c674#xywh=545,3800,3356,59",0002_p16445coll4:27075.jpg
BOOKSELLERS,Booksellers in General,,,East Philip,,"18 Holywell street, Strand",,"https://cdm16445.contentdm.oclc.org/iiif/p16445coll4:27075/canvas/c674#xywh=553,3865,3397,58",0002_p16445coll4:27075.jpg
BOOKSELLERS,Booksellers in General,‖¶§,General Stationers; Printsellers; Librarians,Ebers E. S. & Co.,,27 Old Bond street,,"https://cdm16445.contentdm.oclc.org/iiif/p16445coll4:27075/canvas/c674#xywh=553,3928,3394,58",0002_p16445coll4:27075.jpg
BOOKSELLERS,Booksellers in General,*,Printers,Edwards Frederic,,56 Leman street,,"https://cdm16445.contentdm.oclc.org/iiif/p16445coll4:27075/canvas/c674#xywh=553,3993,1058,54",0002_p16445coll4:27075.jpg
BOOKSELLERS,Booksellers in General,,,Edwards James,,76 Bunhill row,,"https://cdm16445.contentdm.oclc.org/iiif/p16445coll4:27075/canvas/c674#xywh=553,4058,933,53",0002_p16445coll4:27075.jpg
BOOKSELLERS,Booksellers in General,†‡,Publishers; Fancy Stationers,Edwards William,,12 Ave Maria lane,,"https://cdm16445.contentdm.oclc.org/iiif/p16445coll4:27075/canvas/c674#xywh=549,4119,2185,57",0002_p16445coll4:27075.jpg
BOOKSELLERS,Booksellers in General,,,Eedes John,,14 Little Knightrider street,,"https://cdm16445.contentdm.oclc.org/iiif/p16445coll4:27075/canvas/c674#xywh=553,4178,3402,62",0002_p16445coll4:27075.jpg
BOOKSELLERS,Booksellers in General,‖e,General Stationers; Juvenile Booksellers,Egley Thomas,,69 New Bond street,,"https://cdm16445.contentdm.oclc.org/iiif/p16445coll4:27075/canvas/c674#xywh=553,4248,1096,53",0002_p16445coll4:27075.jpg
BOOKSELLERS,Booksellers in General,‖,General Stationers,"Elder, Smith & Co.",,65 Cornhill,,"https://cdm16445.contentdm.oclc.org/iiif/p16445coll4:27075/canvas/c674#xywh=568,4311,918,53",0002_p16445coll4:27075.jpg
BOOKSELLERS,Booksellers in General,c‖,Bookbinders; General Stationers,Elkins V.,,"8Baker street, & 62George st",,"https://cdm16445.contentdm.oclc.org/iiif/p16445coll4:27075/canvas/c674#xywh=561,4371,2059,56",0002_p16445coll4:27075.jpg
BOOKSELLERS,Booksellers in General,‖,General Stationers,Elkins Wm. Henry,,47 Lombard street,,"https://cdm16445.contentdm.oclc.org/iiif/p16445coll4:27075/canvas/c674#xywh=576,4435,2237,55",0002_p16445coll4:27075.jpg
BOOKSELLERS,Booksellers in General,‖,General Stationers,Elt Chas. H.,,"18 Hedge row, Islington",,"https://cdm16445.contentdm.oclc.org/iiif/p16445coll4:27075/canvas/c674#xywh=571,4497,2087,58",0002_p16445coll4:27075.jpg
BOOKSELLERS,Booksellers in General,,,Elvin & Taylor,,48 Goodge st. Fitzroy sq,,"https://cdm16445.contentdm.oclc.org/iiif/p16445coll4:27075/canvas/c674#xywh=552,4559,2152,60",0002_p16445coll4:27075.jpg
BOOKSELLERS,Booksellers in General,,,Elvin Mrs. Sophia,,13 Tabernacle square,,"https://cdm16445.contentdm.oclc.org/iiif/p16445coll4:27075/canvas/c674#xywh=553,4622,2226,56",0002_p16445coll4:27075.jpg
BOOKSELLERS,Booksellers in General,†,Publishers,Emans William,,43 Aldersgate street,,"https://cdm16445.contentdm.oclc.org/iiif/p16445coll4:27075/canvas/c674#xywh=552,4682,2232,63",0002_p16445coll4:27075.jpg
BOOKSELLERS,Booksellers in General,‖,General Stationers,Emmens Jas.,,51 Grosvenor pl. Pimlico,,"https://cdm16445.contentdm.oclc.org/iiif/p16445coll4:27075/canvas/c674#xywh=564,4749,2169,56",0002_p16445coll4:27075.jpg
BOOKSELLERS,Booksellers in General,,,Emmins John,,7 High Holborn,,"https://cdm16445.contentdm.oclc.org/iiif/p16445coll4:27075/canvas/c674#xywh=551,4805,899,64",0002_p16445coll4:27075.jpg
BOOKSELLERS,Booksellers in General,‖,General Stationers,Ensoll Frederic,,45 Paddington street,,"https://cdm16445.contentdm.oclc.org/iiif/p16445coll4:27075/canvas/c674#xywh=557,4874,2180,58",0002_p16445coll4:27075.jpg
BOOKSELLERS,Booksellers in General,¶,Printsellers,Evans Ann & Son,,1 Gt. Queen street,,"https://cdm16445.contentdm.oclc.org/iiif/p16445coll4:27075/canvas/c674#xywh=586,4931,3381,70",0002_p16445coll4:27075.jpg
BOOKSELLERS,Booksellers in General,‖,General Stationers,Evans Geo. F.,,47 William st. Regent's pk,,"https://cdm16445.contentdm.oclc.org/iiif/p16445coll4:27075/canvas/c674#xywh=568,5001,2147,58",0002_p16445coll4:27075.jpg
BOOKSELLERS,Booksellers in General,,,Evans John,,9 Portugal st. Linc. inn fields,,"https://cdm16445.contentdm.oclc.org/iiif/p16445coll4:27075/canvas/c674#xywh=556,5064,2250,59",0002_p16445coll4:27075.jpg
BOOKSELLERS,Booksellers in General,‖,General Stationers,Evans John Edward,,62 Snowhill,,"https://cdm16445.contentdm.oclc.org/iiif/p16445coll4:27075/canvas/c674#xywh=557,5127,978,56",0002_p16445coll4:27075.jpg
BOOKSELLERS,Booksellers in General,,,Evans Robert Harding,,93 Pall mall,,"https://cdm16445.contentdm.oclc.org/iiif/p16445coll4:27075/canvas/c674#xywh=561,5192,1039,56",0002_p16445coll4:27075.jpg
BOOKSELLERS,Booksellers in General,‖,General Stationers,Evans Samuel,,42 Edgware road,,"https://cdm16445.contentdm.oclc.org/iiif/p16445coll4:27075/canvas/c674#xywh=557,5255,982,57",0002_p16445coll4:27075.jpg
BOOKSELLERS,Booksellers in General,a,Newsvenders,Everett Wm.,,"5 Johnson's court, Fleet st",,"https://cdm16445.contentdm.oclc.org/iiif/p16445coll4:27075/canvas/c674#xywh=549,5318,2272,56",0002_p16445coll4:27075.jpg
BOOKSELLERS,Booksellers in General,c,Bookbinders,Ewins Samuel Daniel,,102 Cheapside,,"https://cdm16445.contentdm.oclc.org/iiif/p16445coll4:27075/canvas/c674#xywh=553,5381,1103,57",0002_p16445coll4:27075.jpg
BOOKSELLERS,Booksellers in General,†,Publishers,Fairburn John,,110 Minories,,"https://cdm16445.contentdm.oclc.org/iiif/p16445coll4:27075/canvas/c674#xywh=561,5448,860,54",0002_p16445coll4:27075.jpg
BOOKSELLERS,Booksellers in General,a,Newsvenders,Farmer J.,,11 Hereford pl.Commer. rd. ea,,"https://cdm16445.contentdm.oclc.org/iiif/p16445coll4:27075/canvas/c674#xywh=553,5506,2162,61",0002_p16445coll4:27075.jpg
BOOKSELLERS,Booksellers in General,‖,General Stationers,Faulkner Thos.,,"1 Paradise row, Chelsea",,"https://cdm16445.contentdm.oclc.org/iiif/p16445coll4:27075/canvas/c674#xywh=572,5571,2082,58",0002_p16445coll4:27075.jpg
BOOKSELLERS,Booksellers in General,‖,General Stationers,Feldwick Thos. John,,40 Coleman street,,"https://cdm16445.contentdm.oclc.org/iiif/p16445coll4:27075/canvas/c674#xywh=579,5629,3399,70",0002_p16445coll4:27075.jpg
BOOKSELLERS,Booksellers in General,†,Publishers,Fellowes Benjamin,,39 Ludgate street,,"https://cdm16445.contentdm.oclc.org/iiif/p16445coll4:27075/canvas/c674#xywh=568,5762,2146,56",0002_p16445coll4:27075.jpg
BOOKSELLERS,Booksellers in General,,,Fellowes Joseph,,13 Shoe lane,,"https://cdm16445.contentdm.oclc.org/iiif/p16445coll4:27075/canvas/c674#xywh=563,5824,886,59",0002_p16445coll4:27075.jpg
BOOKSELLERS,Booksellers in General,§¶,Librarians; Printsellers,FergusonJohn,,5 Earl's ct. Leicester sq,,"https://cdm16445.contentdm.oclc.org/iiif/p16445coll4:27075/canvas/c674#xywh=560,5885,3421,63",0002_p16445coll4:27075.jpg
BOOKSELLERS,Booksellers in General,,,Frego Thos.,,6 Charlotte st. Fitzroy sq,,"https://cdm16445.contentdm.oclc.org/iiif/p16445coll4:27075/canvas/c674#xywh=1831,320,845,77",0002_p16445coll4:27075.jpg
BOOKSELLERS,Booksellers in General,†,Publishers,Fry Edmund,,4 Bishopsgate without,,"https://cdm16445.contentdm.oclc.org/iiif/p16445coll4:27075/canvas/c674#xywh=1653,1121,1111,57",0002_p16445coll4:27075.jpg
BOOKSELLERS,Booksellers in General,,,Gardner&Son,Oxford,7Paternoster rw,,"https://cdm16445.contentdm.oclc.org/iiif/p16445coll4:27075/canvas/c674#xywh=1675,1308,2276,62",0002_p16445coll4:27075.jpg
BOOKSELLERS,Booksellers in General,,,Garmeson Josph.,old,9Templest.Whtfrs,,"https://cdm16445.contentdm.oclc.org/iiif/p16445coll4:27075/canvas/c674#xywh=1682,1373,2156,63",0002_p16445coll4:27075.jpg
BOOKSELLERS,Booksellers in General,,,Geeves Thomas,,141 Regent street,,"https://cdm16445.contentdm.oclc.org/iiif/p16445coll4:27075/canvas/c674#xywh=1679,1446,1039,52",0002_p16445coll4:27075.jpg
BOOKSELLERS,Booksellers in General,‖,General Stationers,Gilling William,,193 Strand,,"https://cdm16445.contentdm.oclc.org/iiif/p16445coll4:27075/canvas/c674#xywh=1654,1764,891,58",0002_p16445coll4:27075.jpg
BOOKSELLERS,Booksellers in General,§‖,Librarians; General Stationers,Girity Mrs. E.,,"40 Silver st. Golden sq agents to the honourable Board of Ordnance), 51 Paternoster row",,"https://cdm16445.contentdm.oclc.org/iiif/p16445coll4:27075/canvas/c674#xywh=1668,1893,2229,56",0002_p16445coll4:27075.jpg
BOOKSELLERS,Booksellers in General,,,Green John,,48 Gt. Queen st. Linc. inn fi,,"https://cdm16445.contentdm.oclc.org/iiif/p16445coll4:27075/canvas/c674#xywh=1678,2526,2095,64",0002_p16445coll4:27075.jpg
BOOKSELLERS,Booksellers in General,,,Grimshaw Miss A.,,21 Radcliffe terrace,,"https://cdm16445.contentdm.oclc.org/iiif/p16445coll4:27075/canvas/c674#xywh=1667,2846,2284,61",0002_p16445coll4:27075.jpg
BOOKSELLERS,Booksellers in General,‖,General Stationers,Hadland John T.,,90 Queen st. Cheapside,,"https://cdm16445.contentdm.oclc.org/iiif/p16445coll4:27075/canvas/c674#xywh=1674,2974,2277,62",0002_p16445coll4:27075.jpg
BOOKSELLERS,Booksellers in General,‖,General Stationers,HalstedChas.,,120 High st.Camden town,,"https://cdm16445.contentdm.oclc.org/iiif/p16445coll4:27075/canvas/c674#xywh=1672,3167,2066,56",0002_p16445coll4:27075.jpg
BOOKSELLERS,Booksellers in General,a,Newsvenders,Hare A.,,96Sloane st.&16NorthAudley st,,"https://cdm16445.contentdm.oclc.org/iiif/p16445coll4:27075/canvas/c674#xywh=1672,3357,2271,57",0002_p16445coll4:27075.jpg
BOOKSELLERS,Booksellers in General,‖a,General Stationers; Newsvenders,Harris C.,,25 Bow st. & 6 Opera arcade,,"https://cdm16445.contentdm.oclc.org/iiif/p16445coll4:27075/canvas/c674#xywh=1675,3420,2275,57",0002_p16445coll4:27075.jpg
BOOKSELLERS,Booksellers in General,†,Publishers,Hayward Jas.&Co.,who.,53Paternost.rw,,"https://cdm16445.contentdm.oclc.org/iiif/p16445coll4:27075/canvas/c674#xywh=1672,3483,2278,57",0002_p16445coll4:27075.jpg
BOOKSELLERS,Booksellers in General,‖,General Stationers,Healy I.,,19 Arlington st. Sadler's well,,"https://cdm16445.contentdm.oclc.org/iiif/p16445coll4:27075/canvas/c674#xywh=1667,3989,2277,64",0002_p16445coll4:27075.jpg
BOOKSELLERS,Booksellers in General,,,Hearl George,,28 Russell. ct.Drury lane,,"https://cdm16445.contentdm.oclc.org/iiif/p16445coll4:27075/canvas/c674#xywh=1674,4052,2274,61",0002_p16445coll4:27075.jpg
BOOKSELLERS,Booksellers in General,†,Publishers,Heaton Geo.,,20 Houghton st. Clare mk,,"https://cdm16445.contentdm.oclc.org/iiif/p16445coll4:27075/canvas/c674#xywh=1672,4246,2282,55",0002_p16445coll4:27075.jpg
BOOKSELLERS,Booksellers in General,†§,Publishers; Librarians,Hebert Mrs. Elizabeth,,88 Cheapside,,"https://cdm16445.contentdm.oclc.org/iiif/p16445coll4:27075/canvas/c674#xywh=1668,4309,2233,54",0002_p16445coll4:27075.jpg
BOOKSELLERS,Booksellers in General,†§‖a,Publishers; Librarians; General Stationers; Newsvenders,Hodgson S.,,6 & 9 Gt.Marylebone st,,"https://cdm16445.contentdm.oclc.org/iiif/p16445coll4:27075/canvas/c674#xywh=1675,4807,2059,62",0002_p16445coll4:27075.jpg
BOOKSELLERS,Booksellers in General,,,Holder William Thomas,,311 Strand,,"https://cdm16445.contentdm.oclc.org/iiif/p16445coll4:27075/canvas/c674#xywh=1679,5128,1062,57",0002_p16445coll4:27075.jpg
BOOKSELLERS,Booksellers in General,†,Publishers,Holdsworth Samuel,,13 Berner's street,,"https://cdm16445.contentdm.oclc.org/iiif/p16445coll4:27075/canvas/c674#xywh=1675,5192,2184,57",0002_p16445coll4:27075.jpg
BOOKSELLERS,Booksellers in General,,,Holmes Wm.,,31 Holywell st. Strand,,"https://cdm16445.contentdm.oclc.org/iiif/p16445coll4:27075/canvas/c674#xywh=1675,5257,1066,54",0002_p16445coll4:27075.jpg
BOOKSELLERS,Booksellers in General,†,Publishers,Hooper Henry,,13 Pall mall east,,"https://cdm16445.contentdm.oclc.org/iiif/p16445coll4:27075/canvas/c674#xywh=1668,5382,1005,55",0002_p16445coll4:27075.jpg
BOOKSELLERS,Booksellers in General,,,Hopkins Fred. S.,,5 Bishopsgate within,,"https://cdm16445.contentdm.oclc.org/iiif/p16445coll4:27075/canvas/c674#xywh=1675,5445,1130,57",0002_p16445coll4:27075.jpg
BOOKSELLERS,Booksellers in General,†,Publishers,Hutton John,,56 Mortimer st. Cav. sq,,"https://cdm16445.contentdm.oclc.org/iiif/p16445coll4:27075/canvas/c674#xywh=1672,5825,1103,58",0002_p16445coll4:27075.jpg
BOOKSELLERS,Booksellers in General,§,Librarians,Hyde Wm.,,"17A, Gt. Titchfield street",,"https://cdm16445.contentdm.oclc.org/iiif/p16445coll4:27075/canvas/c674#xywh=2806,917,1091,70",0002_p16445coll4:27075.jpg
BOOKSELLERS,Booksellers in General,‖§,General Stationers; Librarians,Ilbery Jas.,,1 Great Titchfield street,,"https://cdm16445.contentdm.oclc.org/iiif/p16445coll4:27075/canvas/c674#xywh=2806,981,1091,72",0002_p16445coll4:27075.jpg
BOOKSELLERS,Booksellers in General,,,Ingham William,,28 Wilson st. Finsbury,,"https://cdm16445.contentdm.oclc.org/iiif/p16445coll4:27075/canvas/c674#xywh=2817,1117,1133,60",0002_p16445coll4:27075.jpg
BOOKSELLERS,Booksellers in General,*‖b,Printers; General Stationers; Account-book makers,Jeffery William,,7 Mark lane,,"https://cdm16445.contentdm.oclc.org/iiif/p16445coll4:27075/canvas/c674#xywh=2784,1442,945,57",0002_p16445coll4:27075.jpg
BOOKSELLERS,Booksellers in General,‖,General Stationers,Johnston Thomas,,53 Moorgate st Manchester square,,"https://cdm16445.contentdm.oclc.org/iiif/p16445coll4:27075/canvas/c674#xywh=2782,1765,1021,55",0002_p16445coll4:27075.jpg
BOOKSELLERS,Booksellers in General,‖,General Stationers,Kelly John Henry,,2 Vigo st. Regent st,,"https://cdm16445.contentdm.oclc.org/iiif/p16445coll4:27075/canvas/c674#xywh=2802,2594,1148,57",0002_p16445coll4:27075.jpg
BOOKSELLERS,Booksellers in General,a,Newsvenders,Kennedy Thomas,,20 Throgmorton st,,"https://cdm16445.contentdm.oclc.org/iiif/p16445coll4:27075/canvas/c674#xywh=2802,2784,1088,56",0002_p16445coll4:27075.jpg
BOOKSELLERS,Booksellers in General,,,Kimpton Richard,,31 Wardour st. Soho,,"https://cdm16445.contentdm.oclc.org/iiif/p16445coll4:27075/canvas/c674#xywh=2811,3606,1145,63",0002_p16445coll4:27075.jpg
BOOKSELLERS,Booksellers in General,†,Publishers,King Thomas,,11 Lit. Queen st. Holborn,,"https://cdm16445.contentdm.oclc.org/iiif/p16445coll4:27075/canvas/c674#xywh=2809,3674,1145,56",0002_p16445coll4:27075.jpg
BOOKSELLERS,Booksellers in General,,,Lawford G.,,6 Saville pl. NewBurlngtn.st,,"https://cdm16445.contentdm.oclc.org/iiif/p16445coll4:27075/canvas/c674#xywh=2760,4119,1194,56",0002_p16445coll4:27075.jpg
BOOKSELLERS,Booksellers in General,†‖,Publishers; General Stationers,Lee John,,440 Strand,,"https://cdm16445.contentdm.oclc.org/iiif/p16445coll4:27075/canvas/c674#xywh=2805,4374,679,53",0002_p16445coll4:27075.jpg
BOOKSELLERS,Booksellers in General,‖,General Stationers,Leigh James,,25 South Audley street,,"https://cdm16445.contentdm.oclc.org/iiif/p16445coll4:27075/canvas/c674#xywh=2813,4435,1100,55",0002_p16445coll4:27075.jpg
BOOKSELLERS,Booksellers in General,†‖,Publishers; General Stationers,Leigh Mary Anne & Co.,,421 Strand,,"https://cdm16445.contentdm.oclc.org/iiif/p16445coll4:27075/canvas/c674#xywh=2817,4499,1073,54",0002_p16445coll4:27075.jpg
BOOKSELLERS,Booksellers in General,‖,General Stationers,Lester Thomas,,14 Finsbury place,,"https://cdm16445.contentdm.oclc.org/iiif/p16445coll4:27075/canvas/c674#xywh=2815,4557,1008,59",0002_p16445coll4:27075.jpg
BOOKSELLERS,Booksellers in General,,,Lewes Francis,,36 Kenton st. Bruns. sq,,"https://cdm16445.contentdm.oclc.org/iiif/p16445coll4:27075/canvas/c674#xywh=2817,4685,1122,55",0002_p16445coll4:27075.jpg
BOOKSELLERS,Booksellers in General,†,Publishers,Lewis Samuel & Co.,,87 Aldersgate st,,"https://cdm16445.contentdm.oclc.org/iiif/p16445coll4:27075/canvas/c674#xywh=2817,4749,1092,56",0002_p16445coll4:27075.jpg
BOOKSELLERS,Booksellers in General,,,Lilly Jsph.,,"19 King street, Cov. garden",,"https://cdm16445.contentdm.oclc.org/iiif/p16445coll4:27075/canvas/c674#xywh=2808,4868,1141,76",0002_p16445coll4:27075.jpg
BOOKSELLERS,Booksellers in General,,,Lloyd Edward,,231 High st. Shoreditch,,"https://cdm16445.contentdm.oclc.org/iiif/p16445coll4:27075/canvas/c674#xywh=2815,5063,1141,64",0002_p16445coll4:27075.jpg
BOOKSELLERS,Booksellers in General,¶,Printsellers,Lloyd Wm.,,36 Chandos st. Covent gard,,"https://cdm16445.contentdm.oclc.org/iiif/p16445coll4:27075/canvas/c674#xywh=2813,5129,1141,58",0002_p16445coll4:27075.jpg
BOOKSELLERS,Booksellers in General,§‖,Librarians; General Stationers,Love George,,81 Bunhill row,,"https://cdm16445.contentdm.oclc.org/iiif/p16445coll4:27075/canvas/c674#xywh=2809,5251,914,64",0002_p16445coll4:27075.jpg
BOOKSELLERS,Booksellers in General,,,LovelaceJohn,,47William st.Regent's pk,,"https://cdm16445.contentdm.oclc.org/iiif/p16445coll4:27075/canvas/c674#xywh=2824,5318,1138,56",0002_p16445coll4:27075.jpg
BOOKSELLERS,Booksellers in General,‖c,General Stationers; Bookbinders,Lovett Abraham H.,,19 Dean st. Soho,,"https://cdm16445.contentdm.oclc.org/iiif/p16445coll4:27075/canvas/c674#xywh=2824,5378,1134,58",0002_p16445coll4:27075.jpg
BOOKSELLERS,Booksellers in General,c,Bookbinders,Low John,,"14 Lit. Queen street,Holborn",,"https://cdm16445.contentdm.oclc.org/iiif/p16445coll4:27075/canvas/c674#xywh=2821,5440,1137,63",0002_p16445coll4:27075.jpg
BOOKSELLERS,Booksellers in General,†,Publishers,Lumley Edward,,56 Chancery lane,,"https://cdm16445.contentdm.oclc.org/iiif/p16445coll4:27075/canvas/c674#xywh=2822,5566,1024,64",0002_p16445coll4:27075.jpg
BOOKSELLERS,Booksellers in General,a,Newsvenders,M'Danell James,,1 Charterhouse street,,"https://cdm16445.contentdm.oclc.org/iiif/p16445coll4:27075/canvas/c674#xywh=2817,5759,1141,58",0002_p16445coll4:27075.jpg
BOOKSELLERS,Booksellers in General,,,M'Donald John,,11 Russell ct. Drury la,,"https://cdm16445.contentdm.oclc.org/iiif/p16445coll4:27075/canvas/c674#xywh=2824,5823,1145,58",0002_p16445coll4:27075.jpg
BOOKSELLERS,Booksellers in General,§,Librarians,Cotes Nat. Hardcastle,,139 Cheapside,,https://cdm16445.contentdm.oclc.org/iiif/p16445coll4:27075/canvas/c674,0002_p16445coll4:27075.jpg
BOOKSELLERS,Booksellers in General,†,Publishers,Cumberland John,,Camden New town,,https://cdm16445.contentdm.oclc.org/iiif/p16445coll4:27075/canvas/c674,0002_p16445coll4:27075.jpg
BOOKSELLERS,Booksellers in General,†,Publishers,Cunningham Hugh,,1 St. Martin's pl,,https://cdm16445.contentdm.oclc.org/iiif/p16445coll4:27075/canvas/c674,0002_p16445coll4:27075.jpg
BOOKSELLERS,Booksellers in General,†,Publishers,Darton & Clark,,58 Holborn hill,,https://cdm16445.contentdm.oclc.org/iiif/p16445coll4:27075/canvas/c674,0002_p16445coll4:27075.jpg
BOOKSELLERS,Booksellers in General,†*,Publishers; Printers,De Porquet F.,,11 Tavistock st. Cov. g,,https://cdm16445.contentdm.oclc.org/iiif/p16445coll4:27075/canvas/c674,0002_p16445coll4:27075.jpg
BOOKSELLERS,Booksellers in General,*§‖b,Printers; Librarians; General Stationers; Account-book makers,DowdingW.S.,,18Cannon st. St.Geo.e,,https://cdm16445.contentdm.oclc.org/iiif/p16445coll4:27075/canvas/c674,0002_p16445coll4:27075.jpg
BOOKSELLERS,Booksellers in General,‖‡b,General Stationers; Fancy Stationers; Account-book makers,Dykes & Cooper,,"33 Piccadilly, & 1",,https://cdm16445.contentdm.oclc.org/iiif/p16445coll4:27075/canvas/c674,0002_p16445coll4:27075.jpg
BOOKSELLERS,Booksellers in General,‖†b,General Stationers; Publishers; Account-book makers,Fell George,,60 Piccadilly,,https://cdm16445.contentdm.oclc.org/iiif/p16445coll4:27075/canvas/c674,0002_p16445coll4:27075.jpg
BOOKSELLERS,Booksellers in General,¶,Printsellers,Field John,,"65 Quadrant, Regent street",,https://cdm16445.contentdm.oclc.org/iiif/p16445coll4:27075/canvas/c674,0002_p16445coll4:27075.jpg
BOOKSELLERS,Booksellers in General,§,Librarians,Firth Mrs. E.,,9 Somerset st. Aldgate,,https://cdm16445.contentdm.oclc.org/iiif/p16445coll4:27075/canvas/c674,0002_p16445coll4:27075.jpg
BOOKSELLERS,Booksellers in General,§,Librarians,Fisher Thos.,,"2 Postern row, Tower hill",,https://cdm16445.contentdm.oclc.org/iiif/p16445coll4:27075/canvas/c674,0002_p16445coll4:27075.jpg
BOOKSELLERS,Booksellers in General,†,Publishers,Flook Jas. F.,,85 Charlotte st. Ftzry. sq,,https://cdm16445.contentdm.oclc.org/iiif/p16445coll4:27075/canvas/c674,0002_p16445coll4:27075.jpg
BOOKSELLERS,Booksellers in General,‖,General Stationers,Ford K. J.,,Upper st. Hornsey rw. Isling,,https://cdm16445.contentdm.oclc.org/iiif/p16445coll4:27075/canvas/c674,0002_p16445coll4:27075.jpg
BOOKSELLERS,Booksellers in General,§,Librarians,Fores Henry P.,,3 Spur st. Leicester sq,,https://cdm16445.contentdm.oclc.org/iiif/p16445coll4:27075/canvas/c674,0002_p16445coll4:27075.jpg
BOOKSELLERS,Booksellers in General,,,Foster Miss M. E.,,24Aylesbury st.Clknwl,,https://cdm16445.contentdm.oclc.org/iiif/p16445coll4:27075/canvas/c674,0002_p16445coll4:27075.jpg
BOOKSELLERS,Booksellers in General,†,Publishers,Fox Charles,,67 Paternoster row,,"https://cdm16445.contentdm.oclc.org/iiif/p16445coll4:27075/canvas/c674#xywh=1740,2465,895,58",0002_p16445coll4:27075.jpg
BOOKSELLERS,Booksellers in General,†‖,Publishers; General Stationers,Fraser James,,215 Regent street,,https://cdm16445.contentdm.oclc.org/iiif/p16445coll4:27075/canvas/c674,0002_p16445coll4:27075.jpg
BOOKSELLERS,Booksellers in General,c‖,Bookbinders; General Stationers,Fryer J.,,"15 Gower st. north, New road",,https://cdm16445.contentdm.oclc.org/iiif/p16445coll4:27075/canvas/c674,0002_p16445coll4:27075.jpg
BOOKSELLERS,Booksellers in General,†,Publishers,FullartonA.&Co.,,12King's sq.Goswell rd,,https://cdm16445.contentdm.oclc.org/iiif/p16445coll4:27075/canvas/c674,0002_p16445coll4:27075.jpg
BOOKSELLERS,Booksellers in General,§,Librarians,George John N.,,66 Upper Berkeley st,,https://cdm16445.contentdm.oclc.org/iiif/p16445coll4:27075/canvas/c674,0002_p16445coll4:27075.jpg
BOOKSELLERS,Booksellers in General,†,Publishers,Gilbert & Grattan,,51 Paternoster row,,https://cdm16445.contentdm.oclc.org/iiif/p16445coll4:27075/canvas/c674,0002_p16445coll4:27075.jpg
BOOKSELLERS,Booksellers in General,†,Publishers,Gilbert G.,,2 Green Arbour sq. O. Bailey,,https://cdm16445.contentdm.oclc.org/iiif/p16445coll4:27075/canvas/c674,0002_p16445coll4:27075.jpg
BOOKSELLERS,Booksellers in General,,,GilbertSamuel,who.,26Paternoster row,,https://cdm16445.contentdm.oclc.org/iiif/p16445coll4:27075/canvas/c674,0002_p16445coll4:27075.jpg
BOOKSELLERS,Booksellers in General,‖,General Stationers,Ginger Godfree Wm.,,21 College street,,https://cdm16445.contentdm.oclc.org/iiif/p16445coll4:27075/canvas/c674,0002_p16445coll4:27075.jpg
BOOKSELLERS,Booksellers in General,,,Gladding John,,"20 City road, Finsbury sq",,https://cdm16445.contentdm.oclc.org/iiif/p16445coll4:27075/canvas/c674,0002_p16445coll4:27075.jpg
BOOKSELLERS,Booksellers in General,,,Gladding Rob.,,97 & 98 Whitechapel road,,https://cdm16445.contentdm.oclc.org/iiif/p16445coll4:27075/canvas/c674,0002_p16445coll4:27075.jpg
BOOKSELLERS,Booksellers in General,†,Publishers,Glover James,,"Water lane, Fleet street",,https://cdm16445.contentdm.oclc.org/iiif/p16445coll4:27075/canvas/c674,0002_p16445coll4:27075.jpg
BOOKSELLERS,Booksellers in General,‖*,General Stationers; Printers,Gooch Edw. F.,,55 King Wm. st. City,,https://cdm16445.contentdm.oclc.org/iiif/p16445coll4:27075/canvas/c674,0002_p16445coll4:27075.jpg
BOOKSELLERS,Booksellers in General,,,Goodwin Edward,,"2 Shoe lane, Fleet st",,https://cdm16445.contentdm.oclc.org/iiif/p16445coll4:27075/canvas/c674,0002_p16445coll4:27075.jpg
BOOKSELLERS,Booksellers in General,‖,General Stationers,Gordon James,,146 Leadenhall street,,https://cdm16445.contentdm.oclc.org/iiif/p16445coll4:27075/canvas/c674,0002_p16445coll4:27075.jpg
BOOKSELLERS,Booksellers in General,†,Publishers,Grattan & Gilbert,map publishers;,,,https://cdm16445.contentdm.oclc.org/iiif/p16445coll4:27075/canvas/c674,0002_p16445coll4:27075.jpg
BOOKSELLERS,Booksellers in General,†,Publishers,Green John,,121 Newgate street,,https://cdm16445.contentdm.oclc.org/iiif/p16445coll4:27075/canvas/c674,0002_p16445coll4:27075.jpg
BOOKSELLERS,Booksellers in General,,,Greenland Geo. & Alfred,,38 Poultry,,https://cdm16445.contentdm.oclc.org/iiif/p16445coll4:27075/canvas/c674,0002_p16445coll4:27075.jpg
BOOKSELLERS,Booksellers in General,,,Gregory Isaac,,6 Chapel st. Tott. ct. rd,,https://cdm16445.contentdm.oclc.org/iiif/p16445coll4:27075/canvas/c674,0002_p16445coll4:27075.jpg
BOOKSELLERS,Booksellers in General,‖,General Stationers,Griffith William,,41 Goswell road,,https://cdm16445.contentdm.oclc.org/iiif/p16445coll4:27075/canvas/c674,0002_p16445coll4:27075.jpg
BOOKSELLERS,Booksellers in General,†,Publishers,Groombridge R.,,6 Panyer al. Newgate st,,https://cdm16445.contentdm.oclc.org/iiif/p16445coll4:27075/canvas/c674,0002_p16445coll4:27075.jpg
BOOKSELLERS,Booksellers in General,‖a,General Stationers; Newsvenders,Hailes Nathl.,,49 Jermyn st.St. James's,,https://cdm16445.contentdm.oclc.org/iiif/p16445coll4:27075/canvas/c674,0002_p16445coll4:27075.jpg
BOOKSELLERS,Booksellers in General,,,HaljdayJ.P.,,20Charlotterw.Walworth rd,,https://cdm16445.contentdm.oclc.org/iiif/p16445coll4:27075/canvas/c674,0002_p16445coll4:27075.jpg
BOOKSELLERS,Booksellers in General,†,Publishers,"Hamilton,Adams&Co.",,33Paternost. row,,https://cdm16445.contentdm.oclc.org/iiif/p16445coll4:27075/canvas/c674,0002_p16445coll4:27075.jpg
BOOKSELLERS,Booksellers in General,,,Hanton John,,9 Musuem st. Bloomsbury,,"https://cdm16445.contentdm.oclc.org/iiif/p16445coll4:27075/canvas/c674#xywh=614,3740,811,52",0002_p16445coll4:27075.jpg
BOOKSELLERS,Booksellers in General,*§‖,Printers; Librarians; General Stationers,Harris Mrs. E,,96 High st. Shadwell,,https://cdm16445.contentdm.oclc.org/iiif/p16445coll4:27075/canvas/c674,0002_p16445coll4:27075.jpg
BOOKSELLERS,Booksellers in General,‖,General Stationers,HarrisHenry,,18 Bridge st.Westminster,,https://cdm16445.contentdm.oclc.org/iiif/p16445coll4:27075/canvas/c674,0002_p16445coll4:27075.jpg
BOOKSELLERS,Booksellers in General,,,Harris John,,21 Ludgate street,,https://cdm16445.contentdm.oclc.org/iiif/p16445coll4:27075/canvas/c674,0002_p16445coll4:27075.jpg
BOOKSELLERS,Booksellers in General,,,Harris Miss S.,,6 Opera arcade,,https://cdm16445.contentdm.oclc.org/iiif/p16445coll4:27075/canvas/c674,0002_p16445coll4:27075.jpg
BOOKSELLERS,Booksellers in General,†,Publishers,Harvey & Darton,,55 Gracechurch st,,https://cdm16445.contentdm.oclc.org/iiif/p16445coll4:27075/canvas/c674,0002_p16445coll4:27075.jpg
BOOKSELLERS,Booksellers in General,†,Publishers,Hatchard John & Son,,187 Piccadilly,,https://cdm16445.contentdm.oclc.org/iiif/p16445coll4:27075/canvas/c674,0002_p16445coll4:27075.jpg
BOOKSELLERS,Booksellers in General,a,Newsvenders,Hattersley Wm.,,43 Regent st. Wstmn,,https://cdm16445.contentdm.oclc.org/iiif/p16445coll4:27075/canvas/c674,0002_p16445coll4:27075.jpg
BOOKSELLERS,Booksellers in General,†,Publishers,Hearne John,& old,81 Strand,,https://cdm16445.contentdm.oclc.org/iiif/p16445coll4:27075/canvas/c674,0002_p16445coll4:27075.jpg
BOOKSELLERS,Booksellers in General,,,Heath William,,29½ Lincoln's inn fields,,https://cdm16445.contentdm.oclc.org/iiif/p16445coll4:27075/canvas/c674,0002_p16445coll4:27075.jpg
BOOKSELLERS,Booksellers in General,‖,General Stationers,Henderson George,,2 Old Bailey,,https://cdm16445.contentdm.oclc.org/iiif/p16445coll4:27075/canvas/c674,0002_p16445coll4:27075.jpg
BOOKSELLERS,Booksellers in General,‖,General Stationers,Henningham & Hollis,,5 Mount street,,https://cdm16445.contentdm.oclc.org/iiif/p16445coll4:27075/canvas/c674,0002_p16445coll4:27075.jpg
BOOKSELLERS,Booksellers in General,c,Bookbinders,Hering Henry,,9 Newman street,,https://cdm16445.contentdm.oclc.org/iiif/p16445coll4:27075/canvas/c674,0002_p16445coll4:27075.jpg
BOOKSELLERS,Booksellers in General,†*a,Publishers; Printers; Newsvenders,Hetherington Henry,,126 Strand,,https://cdm16445.contentdm.oclc.org/iiif/p16445coll4:27075/canvas/c674,0002_p16445coll4:27075.jpg
BOOKSELLERS,Booksellers in General,*,Printers,Hex William,,"6 East road, City road",,https://cdm16445.contentdm.oclc.org/iiif/p16445coll4:27075/canvas/c674,0002_p16445coll4:27075.jpg
BOOKSELLERS,Booksellers in General,†,Publishers,Hextall Fred.,,11 Catherine st. Strand,,https://cdm16445.contentdm.oclc.org/iiif/p16445coll4:27075/canvas/c674,0002_p16445coll4:27075.jpg
BOOKSELLERS,Booksellers in General,‖a,General Stationers; Newsvenders,Hicks Robert,,106 Crawford street,,https://cdm16445.contentdm.oclc.org/iiif/p16445coll4:27075/canvas/c674,0002_p16445coll4:27075.jpg
BOOKSELLERS,Booksellers in General,†‖,Publishers; General Stationers,Higham Mary & S.,,54 Chiswell street,,https://cdm16445.contentdm.oclc.org/iiif/p16445coll4:27075/canvas/c674,0002_p16445coll4:27075.jpg
BOOKSELLERS,Booksellers in General,,,Higly Mrs. Elizabeth,,3 Eyre st. hill,,https://cdm16445.contentdm.oclc.org/iiif/p16445coll4:27075/canvas/c674,0002_p16445coll4:27075.jpg
BOOKSELLERS,Booksellers in General,,,Hobson G:,,8 Crombie's r. Commerl.rd.ea,,https://cdm16445.contentdm.oclc.org/iiif/p16445coll4:27075/canvas/c674,0002_p16445coll4:27075.jpg
BOOKSELLERS,Booksellers in General,†,Publishers,Hodgson Orlando,,111 Fleet street,,https://cdm16445.contentdm.oclc.org/iiif/p16445coll4:27075/canvas/c674,0002_p16445coll4:27075.jpg
BOOKSELLERS,Booksellers in General,†,Publishers,Hookham Thomas,,15 Old Bond street,,https://cdm16445.contentdm.oclc.org/iiif/p16445coll4:27075/canvas/c674,0002_p16445coll4:27075.jpg
BOOKSELLERS,Booksellers in General,§,Librarians,Horne George & Co.,,105 Cheapside,,https://cdm16445.contentdm.oclc.org/iiif/p16445coll4:27075/canvas/c674,0002_p16445coll4:27075.jpg
BOOKSELLERS,Booksellers in General,a,Newsvenders,Horne John,,19 Leicester square,,"https://cdm16445.contentdm.oclc.org/iiif/p16445coll4:27075/canvas/c674#xywh=2828,2469,599,52",0002_p16445coll4:27075.jpg
BOOKSELLERS,Booksellers in General,‖a,General Stationers; Newsvenders,Horne W. M.,,2 Skinner's st. New road,,https://cdm16445.contentdm.oclc.org/iiif/p16445coll4:27075/canvas/c674,0002_p16445coll4:27075.jpg
BOOKSELLERS,Booksellers in General,§a,Librarians; Newsvenders,Horsman Jas.,,9 Brownlow st. Bedfd.row,,https://cdm16445.contentdm.oclc.org/iiif/p16445coll4:27075/canvas/c674,0002_p16445coll4:27075.jpg
BOOKSELLERS,Booksellers in General,‖,General Stationers,Houghton James,,98 Jermyn street,,https://cdm16445.contentdm.oclc.org/iiif/p16445coll4:27075/canvas/c674,0002_p16445coll4:27075.jpg
BOOKSELLERS,Booksellers in General,†*‖†¶,Publishers; Printers; General Stationers; Publishers; Printsellers,Houlston & Hughes,,154 Strand,,https://cdm16445.contentdm.oclc.org/iiif/p16445coll4:27075/canvas/c674,0002_p16445coll4:27075.jpg
BOOKSELLERS,Booksellers in General,†,Publishers,Houlston & Stoneman,,65 Paternoster r,,https://cdm16445.contentdm.oclc.org/iiif/p16445coll4:27075/canvas/c674,0002_p16445coll4:27075.jpg
BOOKSELLERS,Booksellers in General,‖§†,General Stationers; Librarians; Publishers,Houlston William,,35 High Holborn,,https://cdm16445.contentdm.oclc.org/iiif/p16445coll4:27075/canvas/c674,0002_p16445coll4:27075.jpg
BOOKSELLERS,Booksellers in General,,,Howard Mrs. Esther,,33 Gray's inn lane,,https://cdm16445.contentdm.oclc.org/iiif/p16445coll4:27075/canvas/c674,0002_p16445coll4:27075.jpg
BOOKSELLERS,Booksellers in General,,,Huett Noah,,141 High Holborn,,https://cdm16445.contentdm.oclc.org/iiif/p16445coll4:27075/canvas/c674,0002_p16445coll4:27075.jpg
BOOKSELLERS,Booksellers in General,‖,General Stationers,Hughes Hugh,,15 St. Martin's le grand,,https://cdm16445.contentdm.oclc.org/iiif/p16445coll4:27075/canvas/c674,0002_p16445coll4:27075.jpg
BOOKSELLERS,Booksellers in General,§‖,Librarians; General Stationers,Hurren Mrs.S.,,45 Curtain rd.Shoredit,,https://cdm16445.contentdm.oclc.org/iiif/p16445coll4:27075/canvas/c674,0002_p16445coll4:27075.jpg
BOOKSELLERS,Booksellers in General,†‖,Publishers; General Stationers,Hurst Thomas,,5 St. Paul's church yd,,https://cdm16445.contentdm.oclc.org/iiif/p16445coll4:27075/canvas/c674,0002_p16445coll4:27075.jpg
BOOKSELLERS,Booksellers in General,¶a,Printsellers; Newsvenders,Iley Mrs.Elbth.,,2 Stafford st. Bond st,,https://cdm16445.contentdm.oclc.org/iiif/p16445coll4:27075/canvas/c674,0002_p16445coll4:27075.jpg
BOOKSELLERS,Booksellers in General,‖,General Stationers,Inglis John,,13 Tysoe st. Exmouth st,,https://cdm16445.contentdm.oclc.org/iiif/p16445coll4:27075/canvas/c674,0002_p16445coll4:27075.jpg
BOOKSELLERS,Booksellers in General,†,Publishers,Jackson & Walford,,18 St.Paul's ch. yd,,https://cdm16445.contentdm.oclc.org/iiif/p16445coll4:27075/canvas/c674,0002_p16445coll4:27075.jpg
BOOKSELLERS,Booksellers in General,‖,General Stationers,Jackson John,,13 Agar st. West Strand,,https://cdm16445.contentdm.oclc.org/iiif/p16445coll4:27075/canvas/c674,0002_p16445coll4:27075.jpg
BOOKSELLERS,Booksellers in General,‖,General Stationers,Jackson John Hen.,,Islington green,,https://cdm16445.contentdm.oclc.org/iiif/p16445coll4:27075/canvas/c674,0002_p16445coll4:27075.jpg
BOOKSELLERS,Booksellers in General,‖,General Stationers,Jeffery Wm.,,"7 George yard, Lombard st",,https://cdm16445.contentdm.oclc.org/iiif/p16445coll4:27075/canvas/c674,0002_p16445coll4:27075.jpg
BOOKSELLERS,Booksellers in General,†¶,Publishers; Printsellers,Jennings Robert,,62 Cheapside,,https://cdm16445.contentdm.oclc.org/iiif/p16445coll4:27075/canvas/c674,0002_p16445coll4:27075.jpg
BOOKSELLERS,Booksellers in General,,,Jerrey Samuel,,32 Tabernacle walk,,https://cdm16445.contentdm.oclc.org/iiif/p16445coll4:27075/canvas/c674,0002_p16445coll4:27075.jpg
BOOKSELLERS,Booksellers in General,†,Publishers,Johnson Henry,,49 Paternoster row,,https://cdm16445.contentdm.oclc.org/iiif/p16445coll4:27075/canvas/c674,0002_p16445coll4:27075.jpg
BOOKSELLERS,Booksellers in General,†,Publishers,Jones & Co.,,32 Finsbury place,,https://cdm16445.contentdm.oclc.org/iiif/p16445coll4:27075/canvas/c674,0002_p16445coll4:27075.jpg
BOOKSELLERS,Booksellers in General,a,Newsvenders,Jones & Yarrell,,Bury st. St. James's,,https://cdm16445.contentdm.oclc.org/iiif/p16445coll4:27075/canvas/c674,0002_p16445coll4:27075.jpg
BOOKSELLERS,Booksellers in General,†,Publishers,Jones Jas.,,5 Horse shoe ct.Ludgate hill,,https://cdm16445.contentdm.oclc.org/iiif/p16445coll4:27075/canvas/c674,0002_p16445coll4:27075.jpg
BOOKSELLERS,Booksellers in General,‖,General Stationers,Jones John,,"6 King street, Tower hill",,https://cdm16445.contentdm.oclc.org/iiif/p16445coll4:27075/canvas/c674,0002_p16445coll4:27075.jpg
BOOKSELLERS,Booksellers in General,c,Bookbinders,Jones J.,old,73 Princes st.Leicstr. sq,,https://cdm16445.contentdm.oclc.org/iiif/p16445coll4:27075/canvas/c674,0002_p16445coll4:27075.jpg
BOOKSELLERS,Booksellers in General,‖a,General Stationers; Newsvenders,Jones John Emanuel,,59 Crawford st,,https://cdm16445.contentdm.oclc.org/iiif/p16445coll4:27075/canvas/c674,0002_p16445coll4:27075.jpg
BOOKSELLERS,Booksellers in General,†,Publishers,Jones Thos.,catholic,63 Paternstr.row,,https://cdm16445.contentdm.oclc.org/iiif/p16445coll4:27075/canvas/c674,0002_p16445coll4:27075.jpg
BOOKSELLERS,Booksellers in General,†,Publishers,Joy William,,44 Paternoster row,,https://cdm16445.contentdm.oclc.org/iiif/p16445coll4:27075/canvas/c674,0002_p16445coll4:27075.jpg
BOOKSELLERS,Booksellers in General,‖c,General Stationers; Bookbinders,Kaines Mrs. M.,,"New road, St. Geo. ea",,https://cdm16445.contentdm.oclc.org/iiif/p16445coll4:27075/canvas/c674,0002_p16445coll4:27075.jpg
BOOKSELLERS,Booksellers in General,†,Publishers,Keating Geo.,catholic,38 South st,,https://cdm16445.contentdm.oclc.org/iiif/p16445coll4:27075/canvas/c674,0002_p16445coll4:27075.jpg
BOOKSELLERS,Booksellers in General,§‖,Librarians; General Stationers,Keats Joseph,,143 Sloane street,,https://cdm16445.contentdm.oclc.org/iiif/p16445coll4:27075/canvas/c674,0002_p16445coll4:27075.jpg
BOOKSELLERS,Booksellers in General,†,Publishers,Kelly Thomas,,16 Paternoster row,,https://cdm16445.contentdm.oclc.org/iiif/p16445coll4:27075/canvas/c674,0002_p16445coll4:27075.jpg
BOOKSELLERS,Booksellers in General,,,Kendrick John,,"4 Charlotte row, City",,https://cdm16445.contentdm.oclc.org/iiif/p16445coll4:27075/canvas/c674,0002_p16445coll4:27075.jpg
BOOKSELLERS,Booksellers in General,,,Kenneth Wm.,,22 Gt. Russell st. Cov.gar,,https://cdm16445.contentdm.oclc.org/iiif/p16445coll4:27075/canvas/c674,0002_p16445coll4:27075.jpg
BOOKSELLERS,Booksellers in General,,,Kennett R. J.,old,14 York st.Cov.gar,,https://cdm16445.contentdm.oclc.org/iiif/p16445coll4:27075/canvas/c674,0002_p16445coll4:27075.jpg
BOOKSELLERS,Booksellers in General,,,Kernot Henry,,42 Castle st. Leicester sq,,https://cdm16445.contentdm.oclc.org/iiif/p16445coll4:27075/canvas/c674,0002_p16445coll4:27075.jpg
BOOKSELLERS,Booksellers in General,‖†a,General Stationers; Publishers; Newsvenders,Kerr Wm.,,32 Duke st. Manchester sq,,https://cdm16445.contentdm.oclc.org/iiif/p16445coll4:27075/canvas/c674,0002_p16445coll4:27075.jpg
BOOKSELLERS,Booksellers in General,,,Kettle Charles,,255 High Holborn,,https://cdm16445.contentdm.oclc.org/iiif/p16445coll4:27075/canvas/c674,0002_p16445coll4:27075.jpg
BOOKSELLERS,Booksellers in General,a,Newsvenders,Kettle John,,117 High Holborn,,https://cdm16445.contentdm.oclc.org/iiif/p16445coll4:27075/canvas/c674,0002_p16445coll4:27075.jpg
BOOKSELLERS,Booksellers in General,a,Newsvenders,Kettle Wm.,,13 Little Queen st. Holborn,,https://cdm16445.contentdm.oclc.org/iiif/p16445coll4:27075/canvas/c674,0002_p16445coll4:27075.jpg
BOOKSELLERS,Booksellers in General,†,Publishers,Kidd & Hodgson,pub. of Bent's Lit. Adv.,Aldine chambs.13 Paternost.rw,,https://cdm16445.contentdm.oclc.org/iiif/p16445coll4:27075/canvas/c674,0002_p16445coll4:27075.jpg
BOOKSELLERS,Booksellers in General,†,Publishers,Kidd Wm.,,7 Tavistock st. Covent gard,,"https://cdm16445.contentdm.oclc.org/iiif/p16445coll4:27075/canvas/c674#xywh=606,2977,641,55",0002_p16445coll4:27075.jpg
BOOKSELLERS,Booksellers in General,,,Kimpton Benj.,old,8 Hand ct.Holborn,,https://cdm16445.contentdm.oclc.org/iiif/p16445coll4:27075/canvas/c674,0002_p16445coll4:27075.jpg
BOOKSELLERS,Booksellers in General,§‖a,Librarians; General Stationers; Newsvenders,Kimpton J. M.,,68 Gt.Russell st.Blms,,https://cdm16445.contentdm.oclc.org/iiif/p16445coll4:27075/canvas/c674,0002_p16445coll4:27075.jpg
BOOKSELLERS,Booksellers in General,†,Publishers,Kirby Ralph S.,,20 Warwick la.Nwgt.st,,https://cdm16445.contentdm.oclc.org/iiif/p16445coll4:27075/canvas/c674,0002_p16445coll4:27075.jpg
BOOKSELLERS,Booksellers in General,‖a,General Stationers; Newsvenders,Kissick John,,10 Tottenham ct. road,,https://cdm16445.contentdm.oclc.org/iiif/p16445coll4:27075/canvas/c674,0002_p16445coll4:27075.jpg
BOOKSELLERS,Booksellers in General,†,Publishers,Knight Charles & Co.,,22 Ludgate street,,https://cdm16445.contentdm.oclc.org/iiif/p16445coll4:27075/canvas/c674,0002_p16445coll4:27075.jpg
BOOKSELLERS,Booksellers in General,†,Publishers,Lacey Edwrd,who.,76 St. Paul's ch.yd,,https://cdm16445.contentdm.oclc.org/iiif/p16445coll4:27075/canvas/c674,0002_p16445coll4:27075.jpg
BOOKSELLERS,Booksellers in General,*‖§,Printers; General Stationers; Librarians,Lambert Alf.,,15 Gt. Suffolk st. Boro',,https://cdm16445.contentdm.oclc.org/iiif/p16445coll4:27075/canvas/c674,0002_p16445coll4:27075.jpg
BOOKSELLERS,Booksellers in General,‖,General Stationers,Lanchenick Claudius,,5 Brompton row,,https://cdm16445.contentdm.oclc.org/iiif/p16445coll4:27075/canvas/c674,0002_p16445coll4:27075.jpg
BOOKSELLERS,Booksellers in General,*§‖a,Printers; Librarians; General Stationers; Newsvenders,Lawless Edward D.,,13 Philpot lane,,https://cdm16445.contentdm.oclc.org/iiif/p16445coll4:27075/canvas/c674,0002_p16445coll4:27075.jpg
BOOKSELLERS,Booksellers in General,*b,Printers; Account-book makers,Layton Charles & Edwin,,150 Fleet st,,https://cdm16445.contentdm.oclc.org/iiif/p16445coll4:27075/canvas/c674,0002_p16445coll4:27075.jpg
BOOKSELLERS,Booksellers in General,a,Newsvenders,Leathwaite John,,1 Pope's head alley,,https://cdm16445.contentdm.oclc.org/iiif/p16445coll4:27075/canvas/c674,0002_p16445coll4:27075.jpg
BOOKSELLERS,Booksellers in General,†,Publishers,Levy Isabella Mrs.,,17 Crutchedfriars,,https://cdm16445.contentdm.oclc.org/iiif/p16445coll4:27075/canvas/c674,0002_p16445coll4:27075.jpg
BOOKSELLERS,Booksellers in General,,,Lewis Lewis A.,,125 Fleet street,,https://cdm16445.contentdm.oclc.org/iiif/p16445coll4:27075/canvas/c674,0002_p16445coll4:27075.jpg
BOOKSELLERS,Booksellers in General,¶,Printsellers,Lincoln W.S.,,3 Cheltenham pl. West rd,,https://cdm16445.contentdm.oclc.org/iiif/p16445coll4:27075/canvas/c674,0002_p16445coll4:27075.jpg
BOOKSELLERS,Booksellers in General,†‖a,Publishers; General Stationers; Newsvenders,Lloyd Edmund,,57 Harley street,,https://cdm16445.contentdm.oclc.org/iiif/p16445coll4:27075/canvas/c674,0002_p16445coll4:27075.jpg
BOOKSELLERS,Booksellers in General,†,Publishers,Longman & Co.,,39 Paternoster row,,https://cdm16445.contentdm.oclc.org/iiif/p16445coll4:27075/canvas/c674,0002_p16445coll4:27075.jpg
BOOKSELLERS,Booksellers in General,§‖,Librarians; General Stationers,Low Sampson,,42 Lamb's Conduit st,,https://cdm16445.contentdm.oclc.org/iiif/p16445coll4:27075/canvas/c674,0002_p16445coll4:27075.jpg
BOOKSELLERS,Booksellers in General,§‖¶,Librarians; General Stationers; Printsellers,M'Clary Henry Jas.,,32 St. James's st,,https://cdm16445.contentdm.oclc.org/iiif/p16445coll4:27075/canvas/c674,0002_p16445coll4:27075.jpg
BOOKSELLERS,Booksellers in General,,,M'Combie George John,,17 Barbican,,https://cdm16445.contentdm.oclc.org/iiif/p16445coll4:27075/canvas/c674,0002_p16445coll4:27075.jpg
BOOKSELLERS,Booksellers in General,,,M'Lachlan J.,,"19 Ship yard, Temple bar",,https://cdm16445.contentdm.oclc.org/iiif/p16445coll4:27075/canvas/c674,0002_p16445coll4:27075.jpg
BOOKSELLERS,Booksellers in General,,,Mackenzie Wm.,,11 Brunswick pl. Islingtn,,"https://cdm16445.contentdm.oclc.org/iiif/p16445coll4:27076/canvas/c675#xywh=611,517,3194,86",0003_p16445coll4:27076.jpg
BOOKSELLERS,Booksellers in General,a,Newsvenders,M'Shee J.,,27 Bean st. Friar st. Blkfriars,,"https://cdm16445.contentdm.oclc.org/iiif/p16445coll4:27076/canvas/c675#xywh=608,586,3196,78",0003_p16445coll4:27076.jpg
BOOKSELLERS,Booksellers in General,c,Bookbinders,Mackie Robt.,,30 Greek st. Soho,,"https://cdm16445.contentdm.oclc.org/iiif/p16445coll4:27076/canvas/c675#xywh=606,659,952,61",0003_p16445coll4:27076.jpg
BOOKSELLERS,Booksellers in General,,,Macpherson Donald,,54 Up. Ebury st,,"https://cdm16445.contentdm.oclc.org/iiif/p16445coll4:27076/canvas/c675#xywh=614,729,1099,55",0003_p16445coll4:27076.jpg
BOOKSELLERS,Booksellers in General,†,Publishers,Mahon Joseph,,106 Blackman street,,"https://cdm16445.contentdm.oclc.org/iiif/p16445coll4:27076/canvas/c675#xywh=614,792,1069,57",0003_p16445coll4:27076.jpg
BOOKSELLERS,Booksellers in General,‖,General Stationers,Mann George,,39 Cornhill,,"https://cdm16445.contentdm.oclc.org/iiif/p16445coll4:27076/canvas/c675#xywh=611,854,789,60",0003_p16445coll4:27076.jpg
BOOKSELLERS,Booksellers in General,†,Publishers,Mardon John,,7 Farringdon street,,https://cdm16445.contentdm.oclc.org/iiif/p16445coll4:27076/canvas/c675,0003_p16445coll4:27076.jpg
BOOKSELLERS,Booksellers in General,a,Newsvenders,Markes Thos.,,25 Foley st. Portland pl,,"https://cdm16445.contentdm.oclc.org/iiif/p16445coll4:27076/canvas/c675#xywh=608,968,3382,84",0003_p16445coll4:27076.jpg
BOOKSELLERS,Booksellers in General,†*‖,Publishers; Printers; General Stationers,Marks Lewis J.,,91 Long la. Smithfi,,"https://cdm16445.contentdm.oclc.org/iiif/p16445coll4:27076/canvas/c675#xywh=610,1045,1137,56",0003_p16445coll4:27076.jpg
BOOKSELLERS,Booksellers in General,§‖a,Librarians; General Stationers; Newsvenders,Marsh John,,"3 Leigh street, Red Lion sq",,"https://cdm16445.contentdm.oclc.org/iiif/p16445coll4:27076/canvas/c675#xywh=610,1166,3360,72",0003_p16445coll4:27076.jpg
BOOKSELLERS,Booksellers in General,,,Marsh William,,24 Old Cavendish street,,"https://cdm16445.contentdm.oclc.org/iiif/p16445coll4:27076/canvas/c675#xywh=620,1229,3320,70",0003_p16445coll4:27076.jpg
BOOKSELLERS,Booksellers in General,‖,General Stationers,Mason Geo. B.,,16 Duke st. Grosvenor sq,,"https://cdm16445.contentdm.oclc.org/iiif/p16445coll4:27076/canvas/c675#xywh=624,1295,3369,66",0003_p16445coll4:27076.jpg
BOOKSELLERS,Booksellers in General,†,Publishers,Mason J.,,14 City rd. & 66 Paternost. row,,"https://cdm16445.contentdm.oclc.org/iiif/p16445coll4:27076/canvas/c675#xywh=628,1354,3351,74",0003_p16445coll4:27076.jpg
BOOKSELLERS,Booksellers in General,,,Mason T. jun.,,2 Gt. Russell st. Bloomsby,,"https://cdm16445.contentdm.oclc.org/iiif/p16445coll4:27076/canvas/c675#xywh=624,1417,3317,74",0003_p16445coll4:27076.jpg
BOOKSELLERS,Booksellers in General,,,Mason T. sen.,,25 Museum st. Bloomsbry,,"https://cdm16445.contentdm.oclc.org/iiif/p16445coll4:27076/canvas/c675#xywh=616,1483,3389,71",0003_p16445coll4:27076.jpg
BOOKSELLERS,Booksellers in General,,,Mason William,,30 High Holborn,,"https://cdm16445.contentdm.oclc.org/iiif/p16445coll4:27076/canvas/c675#xywh=616,1550,1027,59",0003_p16445coll4:27076.jpg
BOOKSELLERS,Booksellers in General,,,Mason Wm. A.,,6 Holywell st. Strand,,"https://cdm16445.contentdm.oclc.org/iiif/p16445coll4:27076/canvas/c675#xywh=619,1607,3171,77",0003_p16445coll4:27076.jpg
BOOKSELLERS,Booksellers in General,*‖,Printers; General Stationers,Masters Joseph,,33 Aldersgate street,,"https://cdm16445.contentdm.oclc.org/iiif/p16445coll4:27076/canvas/c675#xywh=612,1672,3382,74",0003_p16445coll4:27076.jpg
BOOKSELLERS,Booksellers in General,,,Matthews G. K.,,9 Jerusalem pl. Clerkwl,,"https://cdm16445.contentdm.oclc.org/iiif/p16445coll4:27076/canvas/c675#xywh=615,1734,3376,80",0003_p16445coll4:27076.jpg
BOOKSELLERS,Booksellers in General,,,Maynard James,,9 Panton st. Haymarket,,"https://cdm16445.contentdm.oclc.org/iiif/p16445coll4:27076/canvas/c675#xywh=613,1803,3361,69",0003_p16445coll4:27076.jpg
BOOKSELLERS,Booksellers in General,,,Meaden John,,352 Strand,,"https://cdm16445.contentdm.oclc.org/iiif/p16445coll4:27076/canvas/c675#xywh=618,1871,743,56",0003_p16445coll4:27076.jpg
BOOKSELLERS,Booksellers in General,,,Metcalf Fred.,,5 Marchmont street,,"https://cdm16445.contentdm.oclc.org/iiif/p16445coll4:27076/canvas/c675#xywh=621,1936,998,54",0003_p16445coll4:27076.jpg
BOOKSELLERS,Booksellers in General,,,Millard Thomas,,70 Newgate street,,"https://cdm16445.contentdm.oclc.org/iiif/p16445coll4:27076/canvas/c675#xywh=623,2063,1038,60",0003_p16445coll4:27076.jpg
BOOKSELLERS,Booksellers in General,‖,General Stationers,Miller & Field,,6 Bridge rd. Lambeth,,"https://cdm16445.contentdm.oclc.org/iiif/p16445coll4:27076/canvas/c675#xywh=629,2130,1088,55",0003_p16445coll4:27076.jpg
BOOKSELLERS,Booksellers in General,,,Miller John,,404 Oxford street,,"https://cdm16445.contentdm.oclc.org/iiif/p16445coll4:27076/canvas/c675#xywh=625,2192,876,57",0003_p16445coll4:27076.jpg
BOOKSELLERS,Booksellers in General,,,Miller Wm.,,3 Upper East Smithfield,,"https://cdm16445.contentdm.oclc.org/iiif/p16445coll4:27076/canvas/c675#xywh=625,2256,1066,58",0003_p16445coll4:27076.jpg
BOOKSELLERS,Booksellers in General,,,Mitchell Arch.,,10 Charles st. Middx. hos,,"https://cdm16445.contentdm.oclc.org/iiif/p16445coll4:27076/canvas/c675#xywh=625,2319,2139,60",0003_p16445coll4:27076.jpg
BOOKSELLERS,Booksellers in General,†,Publishers,Mitchell Chas.,,12 Red Lion ct. Fleet st,,"https://cdm16445.contentdm.oclc.org/iiif/p16445coll4:27076/canvas/c675#xywh=623,2371,3371,77",0003_p16445coll4:27076.jpg
BOOKSELLERS,Booksellers in General,†§‖¶b,Publishers; Librarians; General Stationers; Printsellers; Account-book makers,Mitchell John,,33 Old Bond street,,"https://cdm16445.contentdm.oclc.org/iiif/p16445coll4:27076/canvas/c675#xywh=618,2446,3382,60",0003_p16445coll4:27076.jpg
BOOKSELLERS,Booksellers in General,†,Publishers,Moffat Andrew,,6 Skinner st. Snowhill,,"https://cdm16445.contentdm.oclc.org/iiif/p16445coll4:27076/canvas/c675#xywh=629,2508,3325,60",0003_p16445coll4:27076.jpg
BOOKSELLERS,Booksellers in General,‖,General Stationers,Mole Wm.,,15 Gt. Russell st. Bloomsby,,"https://cdm16445.contentdm.oclc.org/iiif/p16445coll4:27076/canvas/c675#xywh=624,2571,3259,64",0003_p16445coll4:27076.jpg
BOOKSELLERS,Booksellers in General,†*‖¶b,Publishers; Printers; General Stationers; Printsellers; Account-book makers,Moon Fran. G.,,20 Threadneedle st,,"https://cdm16445.contentdm.oclc.org/iiif/p16445coll4:27076/canvas/c675#xywh=628,2634,3334,63",0003_p16445coll4:27076.jpg
BOOKSELLERS,Booksellers in General,‖§,General Stationers; Librarians,Moore Robt. P.,,32 Store st. Bedford sq,,"https://cdm16445.contentdm.oclc.org/iiif/p16445coll4:27076/canvas/c675#xywh=621,2702,2162,56",0003_p16445coll4:27076.jpg
BOOKSELLERS,Booksellers in General,‖,General Stationers,Morgan Wm.,,20 Henrietta st. Cvndsh. sq,,"https://cdm16445.contentdm.oclc.org/iiif/p16445coll4:27076/canvas/c675#xywh=628,2825,3361,64",0003_p16445coll4:27076.jpg
BOOKSELLERS,Booksellers in General,‖,General Stationers,Morse Edw.,,4 Mortimer st. Cavendish sq,,"https://cdm16445.contentdm.oclc.org/iiif/p16445coll4:27076/canvas/c675#xywh=640,2890,3345,59",0003_p16445coll4:27076.jpg
BOOKSELLERS,Booksellers in General,†‖,Publishers; General Stationers,Mortimer John,,21 Wigmore street,,"https://cdm16445.contentdm.oclc.org/iiif/p16445coll4:27076/canvas/c675#xywh=628,2952,3357,61",0003_p16445coll4:27076.jpg
BOOKSELLERS,Booksellers in General,,,Mott Wm.,,Weybridge pl. Mile end road,,"https://cdm16445.contentdm.oclc.org/iiif/p16445coll4:27076/canvas/c675#xywh=624,3010,3350,70",0003_p16445coll4:27076.jpg
BOOKSELLERS,Booksellers in General,,,Mountcastle Mrs. C.,,10 Bedford ct. Cov. gn,,"https://cdm16445.contentdm.oclc.org/iiif/p16445coll4:27076/canvas/c675#xywh=617,3078,3368,61",0003_p16445coll4:27076.jpg
BOOKSELLERS,Booksellers in General,†,Publishers,Moxon Edward,,44 Dover st. Piccadilly,,"https://cdm16445.contentdm.oclc.org/iiif/p16445coll4:27076/canvas/c675#xywh=614,3145,3371,56",0003_p16445coll4:27076.jpg
BOOKSELLERS,Booksellers in General,c,Bookbinders,Mudie C. & P.,,15 St. Martin's ct. Leices. sq.,,"https://cdm16445.contentdm.oclc.org/iiif/p16445coll4:27076/canvas/c675#xywh=610,3207,3375,57",0003_p16445coll4:27076.jpg
BOOKSELLERS,Booksellers in General,,,Mudie John Y.,,38 Princes st. Leices. sq,,"https://cdm16445.contentdm.oclc.org/iiif/p16445coll4:27076/canvas/c675#xywh=618,3272,3367,57",0003_p16445coll4:27076.jpg
BOOKSELLERS,Booksellers in General,,,Murcott Chas.,,"63 King street, Soho",,"https://cdm16445.contentdm.oclc.org/iiif/p16445coll4:27076/canvas/c675#xywh=614,3335,3154,58",0003_p16445coll4:27076.jpg
BOOKSELLERS,Booksellers in General,*‖,Printers; General Stationers,Murphy T.,,10 Denmark ter. Islington,,"https://cdm16445.contentdm.oclc.org/iiif/p16445coll4:27076/canvas/c675#xywh=613,3396,3345,64",0003_p16445coll4:27076.jpg
BOOKSELLERS,Booksellers in General,‖b,General Stationers; Account-book makers,Murray Hen.,,3 Coventry st. Haymarket,,"https://cdm16445.contentdm.oclc.org/iiif/p16445coll4:27076/canvas/c675#xywh=617,3459,3368,64",0003_p16445coll4:27076.jpg
BOOKSELLERS,Booksellers in General,†,Publishers,Murray John,,50 Albemarle street,,"https://cdm16445.contentdm.oclc.org/iiif/p16445coll4:27076/canvas/c675#xywh=626,3524,1037,66",0003_p16445coll4:27076.jpg
BOOKSELLERS,Booksellers in General,‖,General Stationers,Murray John,,"Mare street, Hackney",,"https://cdm16445.contentdm.oclc.org/iiif/p16445coll4:27076/canvas/c675#xywh=614,3595,1065,50",0003_p16445coll4:27076.jpg
BOOKSELLERS,Booksellers in General,‖,General Stationers,Murray John,,101 Edgware road,,"https://cdm16445.contentdm.oclc.org/iiif/p16445coll4:27076/canvas/c675#xywh=629,3655,967,54",0003_p16445coll4:27076.jpg
BOOKSELLERS,Booksellers in General,¶c†‖,Printsellers; Bookbinders; Publishers; General Stationers,Murton Charles,,12 St. Martin's ct,,"https://cdm16445.contentdm.oclc.org/iiif/p16445coll4:27076/canvas/c675#xywh=625,3716,3325,57",0003_p16445coll4:27076.jpg
BOOKSELLERS,Booksellers in General,,,Nash Mrs. P.,,"16 Parker's row, Bermonds",,"https://cdm16445.contentdm.oclc.org/iiif/p16445coll4:27076/canvas/c675#xywh=617,3776,3368,66",0003_p16445coll4:27076.jpg
BOOKSELLERS,Booksellers in General,,,Nattali M. A.,,19 Southampton st. Cov. gar,,"https://cdm16445.contentdm.oclc.org/iiif/p16445coll4:27076/canvas/c675#xywh=613,3840,2163,63",0003_p16445coll4:27076.jpg
BOOKSELLERS,Booksellers in General,‖,General Stationers,New William,,11 Strand,,"https://cdm16445.contentdm.oclc.org/iiif/p16445coll4:27076/canvas/c675#xywh=614,3910,777,52",0003_p16445coll4:27076.jpg
BOOKSELLERS,Booksellers in General,†,Publishers,Newman A. K. & Co.,who.,32 Leadh. st,,"https://cdm16445.contentdm.oclc.org/iiif/p16445coll4:27076/canvas/c675#xywh=612,3967,2009,63",0003_p16445coll4:27076.jpg
BOOKSELLERS,Booksellers in General,,,Newman James,old,235 High Holborn,,"https://cdm16445.contentdm.oclc.org/iiif/p16445coll4:27076/canvas/c675#xywh=613,4027,3376,70",0003_p16445coll4:27076.jpg
BOOKSELLERS,Booksellers in General,,,Newman William,,160 Fenchurch street,,"https://cdm16445.contentdm.oclc.org/iiif/p16445coll4:27076/canvas/c675#xywh=614,4096,2176,57",0003_p16445coll4:27076.jpg
BOOKSELLERS,Booksellers in General,†‖,Publishers; General Stationers,Nisbet James & Co.,,21 Berners street,,"https://cdm16445.contentdm.oclc.org/iiif/p16445coll4:27076/canvas/c675#xywh=606,4160,3162,58",0003_p16445coll4:27076.jpg
BOOKSELLERS,Booksellers in General,,,Noble T.,,79 Fleet st. & 109 Chancery la,,"https://cdm16445.contentdm.oclc.org/iiif/p16445coll4:27076/canvas/c675#xywh=613,4220,2132,62",0003_p16445coll4:27076.jpg
BOOKSELLERS,Booksellers in General,,,Norie John W. & Co.,,,Wilson Charles,"https://cdm16445.contentdm.oclc.org/iiif/p16445coll4:27076/canvas/c675#xywh=610,4287,3375,60",0003_p16445coll4:27076.jpg
BOOKSELLERS,Booksellers in General,‖a,General Stationers; Newsvenders,Norris John,,58 Fetter lane,,"https://cdm16445.contentdm.oclc.org/iiif/p16445coll4:27076/canvas/c675#xywh=608,4352,902,56",0003_p16445coll4:27076.jpg
BOOKSELLERS,Booksellers in General,†,Publishers,Oldfield Jesse,,11 & 12 Bolt ct. Fleet st,,"https://cdm16445.contentdm.oclc.org/iiif/p16445coll4:27076/canvas/c675#xywh=610,4415,3143,60",0003_p16445coll4:27076.jpg
BOOKSELLERS,Booksellers in General,¶,Printsellers,Orger & Meryon,,174 Fenchurch street,,"https://cdm16445.contentdm.oclc.org/iiif/p16445coll4:27076/canvas/c675#xywh=609,4605,3187,64",0003_p16445coll4:27076.jpg
BOOKSELLERS,Booksellers in General,†,Publishers,Orr Wm. S. & Co.,,2 & 3 Amen corner,,"https://cdm16445.contentdm.oclc.org/iiif/p16445coll4:27076/canvas/c675#xywh=614,4673,3299,60",0003_p16445coll4:27076.jpg
BOOKSELLERS,Booksellers in General,†,Publishers,Paine Thos.,,"22 Bride lane, Fleet street",,"https://cdm16445.contentdm.oclc.org/iiif/p16445coll4:27076/canvas/c675#xywh=609,4856,3365,74",0003_p16445coll4:27076.jpg
BOOKSELLERS,Booksellers in General,b,Account-book makers,Palmer Geo.,,5 Copthall buildings,,"https://cdm16445.contentdm.oclc.org/iiif/p16445coll4:27076/canvas/c675#xywh=606,4991,1047,55",0003_p16445coll4:27076.jpg
BOOKSELLERS,Booksellers in General,,,Palmer James,,14 Union st. Bishopsgate,,"https://cdm16445.contentdm.oclc.org/iiif/p16445coll4:27076/canvas/c675#xywh=614,5056,3359,58",0003_p16445coll4:27076.jpg
BOOKSELLERS,Booksellers in General,‖,General Stationers,Palmer Wm.,,New Bridge st. Vauxhall,,"https://cdm16445.contentdm.oclc.org/iiif/p16445coll4:27076/canvas/c675#xywh=613,5118,3361,64",0003_p16445coll4:27076.jpg
BOOKSELLERS,Booksellers in General,,,Parker P. & P.,,181 Long la. Bermondsey,,"https://cdm16445.contentdm.oclc.org/iiif/p16445coll4:27076/canvas/c675#xywh=618,5183,3313,61",0003_p16445coll4:27076.jpg
BOOKSELLERS,Booksellers in General,†,Publishers,Parker John William,,445 Strand,,"https://cdm16445.contentdm.oclc.org/iiif/p16445coll4:27076/canvas/c675#xywh=607,5246,1056,64",0003_p16445coll4:27076.jpg
BOOKSELLERS,Booksellers in General,c‖,Bookbinders; General Stationers,Parkins John,,2 Church st. Westminstr,,"https://cdm16445.contentdm.oclc.org/iiif/p16445coll4:27076/canvas/c675#xywh=602,5310,3129,66",0003_p16445coll4:27076.jpg
BOOKSELLERS,Booksellers in General,‖a,General Stationers; Newsvenders,Partrington C.,,38 Portman pl. Edg. rd,,"https://cdm16445.contentdm.oclc.org/iiif/p16445coll4:27076/canvas/c675#xywh=610,5377,3177,57",0003_p16445coll4:27076.jpg
BOOKSELLERS,Booksellers in General,†,Publishers,Pasco John,,12 Paternoster row,,"https://cdm16445.contentdm.oclc.org/iiif/p16445coll4:27076/canvas/c675#xywh=614,5443,989,56",0003_p16445coll4:27076.jpg
BOOKSELLERS,Booksellers in General,,,Passarge H.,,13 Compton st. Brunswk. sq,,"https://cdm16445.contentdm.oclc.org/iiif/p16445coll4:27076/canvas/c675#xywh=613,5503,3258,63",0003_p16445coll4:27076.jpg
BOOKSELLERS,Booksellers in General,‖,General Stationers,Pattie D.,,10 St. Alban's pl. Edgware rd,,"https://cdm16445.contentdm.oclc.org/iiif/p16445coll4:27076/canvas/c675#xywh=609,5565,3316,66",0003_p16445coll4:27076.jpg
BOOKSELLERS,Booksellers in General,†,Publishers,Pattie James,,4 Brydges st. Cov. gardn,,"https://cdm16445.contentdm.oclc.org/iiif/p16445coll4:27076/canvas/c675#xywh=613,5629,3353,66",0003_p16445coll4:27076.jpg
BOOKSELLERS,Booksellers in General,†,Publishers,Paul James,,52 Paternoster row,,"https://cdm16445.contentdm.oclc.org/iiif/p16445coll4:27076/canvas/c675#xywh=614,5699,982,56",0003_p16445coll4:27076.jpg
BOOKSELLERS,Booksellers in General,‖,General Stationers,Pausey Rt.,,27 Exeter st. Knightsbridge,,"https://cdm16445.contentdm.oclc.org/iiif/p16445coll4:27076/canvas/c675#xywh=613,5755,3353,69",0003_p16445coll4:27076.jpg
BOOKSELLERS,Booksellers in General,,,Payne & Foss,,81 Pall mall,,"https://cdm16445.contentdm.oclc.org/iiif/p16445coll4:27076/canvas/c675#xywh=614,5825,796,57",0003_p16445coll4:27076.jpg
BOOKSELLERS,Booksellers in General,†‖,Publishers; General Stationers,Peacock & Mansfield,,18 Salisbury sq,,"https://cdm16445.contentdm.oclc.org/iiif/p16445coll4:27076/canvas/c675#xywh=612,5885,2191,66",0003_p16445coll4:27076.jpg
BOOKSELLERS,Booksellers in General,,,Pearsey Mrs. M. A.,,11 Grafton st. Soho,,"https://cdm16445.contentdm.oclc.org/iiif/p16445coll4:27076/canvas/c675#xywh=1879,325,844,68",0003_p16445coll4:27076.jpg
BOOKSELLERS,Booksellers in General,‖,General Stationers,Pearson William,,36 Bishopsgate within,,"https://cdm16445.contentdm.oclc.org/iiif/p16445coll4:27076/canvas/c675#xywh=1739,467,2235,61",0003_p16445coll4:27076.jpg
BOOKSELLERS,Booksellers in General,,,Perry Miss C.,,9 Lit. Bell al. Coleman st,,"https://cdm16445.contentdm.oclc.org/iiif/p16445coll4:27076/canvas/c675#xywh=1742,654,2255,69",0003_p16445coll4:27076.jpg
BOOKSELLERS,Booksellers in General,,,Pettit James,,5 Goswell street,,"https://cdm16445.contentdm.oclc.org/iiif/p16445coll4:27076/canvas/c675#xywh=1744,722,947,63",0003_p16445coll4:27076.jpg
BOOKSELLERS,Booksellers in General,§,Librarians,Phillips Miss Ann,,46 Jas. st. Oxford st,,"https://cdm16445.contentdm.oclc.org/iiif/p16445coll4:27076/canvas/c675#xywh=1734,775,2079,78",0003_p16445coll4:27076.jpg
BOOKSELLERS,Booksellers in General,‖,General Stationers,Phillips Hen.,,21 North Audley street,,"https://cdm16445.contentdm.oclc.org/iiif/p16445coll4:27076/canvas/c675#xywh=1738,843,2252,71",0003_p16445coll4:27076.jpg
BOOKSELLERS,Booksellers in General,†,Publishers,Pickering Wm.,& old,"57 Chancery la got & Co.'s directories), 59 Fleet st",,"https://cdm16445.contentdm.oclc.org/iiif/p16445coll4:27076/canvas/c675#xywh=1734,905,2063,75",0003_p16445coll4:27076.jpg
BOOKSELLERS,Booksellers in General,‖,General Stationers,Porter Jos. L.,,43 Sloane st. Knightsbrge,,"https://cdm16445.contentdm.oclc.org/iiif/p16445coll4:27076/canvas/c675#xywh=1726,1548,2272,72",0003_p16445coll4:27076.jpg
BOOKSELLERS,Booksellers in General,,,Priestley Richard,,143 High Holborn,,"https://cdm16445.contentdm.oclc.org/iiif/p16445coll4:27076/canvas/c675#xywh=1743,1866,2194,70",0003_p16445coll4:27076.jpg
BOOKSELLERS,Booksellers in General,‖†,General Stationers; Publishers,Purkess George,,"60 Dean street, Soho",,"https://cdm16445.contentdm.oclc.org/iiif/p16445coll4:27076/canvas/c675#xywh=1736,1938,2260,58",0003_p16445coll4:27076.jpg
BOOKSELLERS,Booksellers in General,†,Publishers,Rainford Edward,,86 High Holborn,,"https://cdm16445.contentdm.oclc.org/iiif/p16445coll4:27076/canvas/c675#xywh=1730,2063,2268,66",0003_p16445coll4:27076.jpg
BOOKSELLERS,Booksellers in General,,,Ramsden Edwd.,,"12 Finch lane, Cornhill",,"https://cdm16445.contentdm.oclc.org/iiif/p16445coll4:27076/canvas/c675#xywh=1740,2128,2222,57",0003_p16445coll4:27076.jpg
BOOKSELLERS,Booksellers in General,,,Ratcliffe Wm.,,15 Green st. Leicester sq,,"https://cdm16445.contentdm.oclc.org/iiif/p16445coll4:27076/canvas/c675#xywh=1743,2188,2254,64",0003_p16445coll4:27076.jpg
BOOKSELLERS,Booksellers in General,‖,General Stationers,Raynham Richard,,"1 Gray's inn passage Chch. yd. & 3 Waterloo place, Pall mall",,"https://cdm16445.contentdm.oclc.org/iiif/p16445coll4:27076/canvas/c675#xywh=1724,2251,2265,64",0003_p16445coll4:27076.jpg
BOOKSELLERS,Booksellers in General,‖,General Stationers,Robbins J.,,45 Up. Baker st. Regent's pk,,"https://cdm16445.contentdm.oclc.org/iiif/p16445coll4:27076/canvas/c675#xywh=1737,3577,1978,84",0003_p16445coll4:27076.jpg
BOOKSELLERS,Booksellers in General,‖†,General Stationers; Publishers,Templeman John,,248 Regent street,,"https://cdm16445.contentdm.oclc.org/iiif/p16445coll4:27076/canvas/c675#xywh=1744,3654,2210,56",0003_p16445coll4:27076.jpg
BOOKSELLERS,Booksellers in General,‖,General Stationers,Thomson T. D.,,27 Compton st. Brns. sq,,"https://cdm16445.contentdm.oclc.org/iiif/p16445coll4:27076/canvas/c675#xywh=1736,3906,2245,58",0003_p16445coll4:27076.jpg
BOOKSELLERS,Booksellers in General,‖,General Stationers,Turner Caleb,,"Church street, Hackney",,"https://cdm16445.contentdm.oclc.org/iiif/p16445coll4:27076/canvas/c675#xywh=1729,4479,2240,58",0003_p16445coll4:27076.jpg
BOOKSELLERS,Booksellers in General,,,Virtue James,,"3 Water street, Blackfrs",,"https://cdm16445.contentdm.oclc.org/iiif/p16445coll4:27076/canvas/c675#xywh=1675,4990,2276,63",0003_p16445coll4:27076.jpg
BOOKSELLERS,Booksellers in General,,,Walker Wm.,,9 Leathersellers' buildings,,"https://cdm16445.contentdm.oclc.org/iiif/p16445coll4:27076/canvas/c675#xywh=1679,5250,2275,60",0003_p16445coll4:27076.jpg
BOOKSELLERS,Booksellers in General,†,Publishers,Wallis E.,,42 Skinner st. & 32 Hi. st. Islntn,,"https://cdm16445.contentdm.oclc.org/iiif/p16445coll4:27076/canvas/c675#xywh=1710,5439,2256,58",0003_p16445coll4:27076.jpg
BOOKSELLERS,Booksellers in General,‖,General Stationers,Warcup William,,"4 Broadway, Deptford",,"https://cdm16445.contentdm.oclc.org/iiif/p16445coll4:27076/canvas/c675#xywh=1698,5695,2260,61",0003_p16445coll4:27076.jpg
BOOKSELLERS,Booksellers in General,†,Publishers,Ward Thos. & Co.,,27 Paternoster row,,"https://cdm16445.contentdm.oclc.org/iiif/p16445coll4:27076/canvas/c675#xywh=1713,5822,2223,61",0003_p16445coll4:27076.jpg
BOOKSELLERS,Booksellers in General,†,Publishers,Mardon John,,7 Farringdon street,,https://cdm16445.contentdm.oclc.org/iiif/p16445coll4:27076/canvas/c675,0003_p16445coll4:27076.jpg
BOOKSELLERS,Booksellers in General,c‖a,Bookbinders; General Stationers; Newsvenders,Markwell John T.,,46 Gr. Titchfield st,,https://cdm16445.contentdm.oclc.org/iiif/p16445coll4:27076/canvas/c675,0003_p16445coll4:27076.jpg
BOOKSELLERS,Booksellers in General,§‖a,Librarians; General Stationers; Newsvenders,Miland John,,35 Chapel st. Grosvenr. p,,https://cdm16445.contentdm.oclc.org/iiif/p16445coll4:27076/canvas/c675,0003_p16445coll4:27076.jpg
BOOKSELLERS,Booksellers in General,‡,Fancy Stationers,Moore William,,63 Bishopsgate within,,https://cdm16445.contentdm.oclc.org/iiif/p16445coll4:27076/canvas/c675,0003_p16445coll4:27076.jpg
BOOKSELLERS,Booksellers in General,‖b,General Stationers; Account-book makers,Ollivier John,,59 Pall mall,,https://cdm16445.contentdm.oclc.org/iiif/p16445coll4:27076/canvas/c675,0003_p16445coll4:27076.jpg
BOOKSELLERS,Booksellers in General,a,Newsvenders,Onwhyn Joseph,,4 Catherine st. Strand,,https://cdm16445.contentdm.oclc.org/iiif/p16445coll4:27076/canvas/c675,0003_p16445coll4:27076.jpg
BOOKSELLERS,Booksellers in General,†‖,Publishers; General Stationers,Ostell Thos. & Co.,,83 Leadenhall st,,https://cdm16445.contentdm.oclc.org/iiif/p16445coll4:27076/canvas/c675,0003_p16445coll4:27076.jpg
BOOKSELLERS,Booksellers in General,§‖a,Librarians; General Stationers; Newsvenders,Paine Geo. R.,,46 High st. Marylebone,,https://cdm16445.contentdm.oclc.org/iiif/p16445coll4:27076/canvas/c675,0003_p16445coll4:27076.jpg
BOOKSELLERS,Booksellers in General,†*,Publishers; Printers,Palmer E. & Son,,18 Paternoster row,,https://cdm16445.contentdm.oclc.org/iiif/p16445coll4:27076/canvas/c675,0003_p16445coll4:27076.jpg
BOOKSELLERS,Booksellers in General,‖,General Stationers,Perry Jas. & Co.,,37 Red Lion square,,https://cdm16445.contentdm.oclc.org/iiif/p16445coll4:27076/canvas/c675,0003_p16445coll4:27076.jpg
BOOKSELLERS,Booksellers in General,†,Publishers,Pigot James & Co.,publishers of Pi-,,,https://cdm16445.contentdm.oclc.org/iiif/p16445coll4:27076/canvas/c675,0003_p16445coll4:27076.jpg
BOOKSELLERS,Booksellers in General,,,Pigott A.,,39 Harleyford pl. Kennington,,https://cdm16445.contentdm.oclc.org/iiif/p16445coll4:27076/canvas/c675,0003_p16445coll4:27076.jpg
BOOKSELLERS,Booksellers in General,,,Pinkney F.,military,30 Charing cross,,https://cdm16445.contentdm.oclc.org/iiif/p16445coll4:27076/canvas/c675,0003_p16445coll4:27076.jpg
BOOKSELLERS,Booksellers in General,†*,Publishers; Printers,Pittman M. A. & Son,,11 & 20 Warwick sq,,https://cdm16445.contentdm.oclc.org/iiif/p16445coll4:27076/canvas/c675,0003_p16445coll4:27076.jpg
BOOKSELLERS,Booksellers in General,†,Publishers,Plant G.,,"Old Trinity house, Water la",,https://cdm16445.contentdm.oclc.org/iiif/p16445coll4:27076/canvas/c675,0003_p16445coll4:27076.jpg
BOOKSELLERS,Booksellers in General,‖a,General Stationers; Newsvenders,Plummer W.,,46 Theobld. rd. Red Lion sq,,https://cdm16445.contentdm.oclc.org/iiif/p16445coll4:27076/canvas/c675,0003_p16445coll4:27076.jpg
BOOKSELLERS,Booksellers in General,‖¶,General Stationers; Printsellers,Pollard G.,,4 Williams pl. Walworth,,https://cdm16445.contentdm.oclc.org/iiif/p16445coll4:27076/canvas/c675,0003_p16445coll4:27076.jpg
BOOKSELLERS,Booksellers in General,c,Bookbinders,Pope James,,12 Church st. Hackney,,https://cdm16445.contentdm.oclc.org/iiif/p16445coll4:27076/canvas/c675,0003_p16445coll4:27076.jpg
BOOKSELLERS,Booksellers in General,‖,General Stationers,Potter William,,12 Bear st. Leicester sq,,https://cdm16445.contentdm.oclc.org/iiif/p16445coll4:27076/canvas/c675,0003_p16445coll4:27076.jpg
BOOKSELLERS,Booksellers in General,†¶a,Publishers; Printsellers; Newsvenders,Powell Hen.,,17 Bartholomew close,,https://cdm16445.contentdm.oclc.org/iiif/p16445coll4:27076/canvas/c675,0003_p16445coll4:27076.jpg
BOOKSELLERS,Booksellers in General,‖,General Stationers,Powell W.,,"2 Newman's row, Linc. inn fi",,https://cdm16445.contentdm.oclc.org/iiif/p16445coll4:27076/canvas/c675,0003_p16445coll4:27076.jpg
BOOKSELLERS,Booksellers in General,*,Printers,Price William,,12 Smithfield bars,,https://cdm16445.contentdm.oclc.org/iiif/p16445coll4:27076/canvas/c675,0003_p16445coll4:27076.jpg
BOOKSELLERS,Booksellers in General,‖a,General Stationers; Newsvenders,Puttock Charles,,26 Grafton st. Soho,,https://cdm16445.contentdm.oclc.org/iiif/p16445coll4:27076/canvas/c675,0003_p16445coll4:27076.jpg
BOOKSELLERS,Booksellers in General,,,Warner Wm.,,43 Chapel st. Pentonville,,"https://cdm16445.contentdm.oclc.org/iiif/p16445coll4:27077/canvas/c676#xywh=535,527,1890,76",0004_p16445coll4:27077.jpg
BOOKSELLERS,Booksellers in General,¶,Printsellers,Warren Henry T.,,8 Finsbury pavement,,"https://cdm16445.contentdm.oclc.org/iiif/p16445coll4:27077/canvas/c676#xywh=539,591,1943,77",0004_p16445coll4:27077.jpg
BOOKSELLERS,Booksellers in General,,,Warwick Mrs. Anne,,2 Surrey st. Strand,,"https://cdm16445.contentdm.oclc.org/iiif/p16445coll4:27077/canvas/c676#xywh=546,664,2221,60",0004_p16445coll4:27077.jpg
BOOKSELLERS,Booksellers in General,†,Publishers,Washbourne Henry,,48 Salisbury sq,,"https://cdm16445.contentdm.oclc.org/iiif/p16445coll4:27077/canvas/c676#xywh=538,731,2176,61",0004_p16445coll4:27077.jpg
BOOKSELLERS,Booksellers in General,†,Publishers,Watson James,,15 City rd. Finsbury sq,,"https://cdm16445.contentdm.oclc.org/iiif/p16445coll4:27077/canvas/c676#xywh=538,790,2142,64",0004_p16445coll4:27077.jpg
BOOKSELLERS,Booksellers in General,†,Publishers,Weale John,,59 High Holborn,,"https://cdm16445.contentdm.oclc.org/iiif/p16445coll4:27077/canvas/c676#xywh=538,860,955,57",0004_p16445coll4:27077.jpg
BOOKSELLERS,Booksellers in General,†,Publishers,Weatherby E. & C. & J.,,7 Oxenden st,,"https://cdm16445.contentdm.oclc.org/iiif/p16445coll4:27077/canvas/c676#xywh=538,923,2229,58",0004_p16445coll4:27077.jpg
BOOKSELLERS,Booksellers in General,¶,Printsellers,Weedon Hen.,,8 Primrose st. Bishopsgt,,"https://cdm16445.contentdm.oclc.org/iiif/p16445coll4:27077/canvas/c676#xywh=537,981,3384,71",0004_p16445coll4:27077.jpg
BOOKSELLERS,Booksellers in General,c,Bookbinders,Wells Thos.,,"15 Crown row, Mile end rd",,"https://cdm16445.contentdm.oclc.org/iiif/p16445coll4:27077/canvas/c676#xywh=533,1048,2197,66",0004_p16445coll4:27077.jpg
BOOKSELLERS,Booksellers in General,†,Publishers,Weston J.,,"3 New court, Little Bell alley",,"https://cdm16445.contentdm.oclc.org/iiif/p16445coll4:27077/canvas/c676#xywh=538,1179,3379,59",0004_p16445coll4:27077.jpg
BOOKSELLERS,Booksellers in General,‖†,General Stationers; Publishers,Wheatley Miss Jane,,50 Amwell street,,"https://cdm16445.contentdm.oclc.org/iiif/p16445coll4:27077/canvas/c676#xywh=533,1240,3312,68",0004_p16445coll4:27077.jpg
BOOKSELLERS,Booksellers in General,,,Wheeler Mrs. E. S.,,15 Motcomb street,,"https://cdm16445.contentdm.oclc.org/iiif/p16445coll4:27077/canvas/c676#xywh=537,1306,2129,61",0004_p16445coll4:27077.jpg
BOOKSELLERS,Booksellers in General,,,Wheldon John,,21 Warwick lane,,"https://cdm16445.contentdm.oclc.org/iiif/p16445coll4:27077/canvas/c676#xywh=538,1377,933,51",0004_p16445coll4:27077.jpg
BOOKSELLERS,Booksellers in General,,,White G.,,35 Windmill st. Tottnm. ct. rd,,"https://cdm16445.contentdm.oclc.org/iiif/p16445coll4:27077/canvas/c676#xywh=537,1436,3376,60",0004_p16445coll4:27077.jpg
BOOKSELLERS,Booksellers in General,,,White Henry,,350 Oxford street,,"https://cdm16445.contentdm.oclc.org/iiif/p16445coll4:27077/canvas/c676#xywh=534,1505,940,54",0004_p16445coll4:27077.jpg
BOOKSELLERS,Booksellers in General,‖a,General Stationers; Newsvenders,White John,,"2 Devereux court, Strand",,"https://cdm16445.contentdm.oclc.org/iiif/p16445coll4:27077/canvas/c676#xywh=534,1564,2078,58",0004_p16445coll4:27077.jpg
BOOKSELLERS,Booksellers in General,c,Bookbinders,White William,,89 Piccadilly,,"https://cdm16445.contentdm.oclc.org/iiif/p16445coll4:27077/canvas/c676#xywh=532,1628,906,60",0004_p16445coll4:27077.jpg
BOOKSELLERS,Booksellers in General,†,Publishers,Wightman George,,24 Paternoster row,,"https://cdm16445.contentdm.oclc.org/iiif/p16445coll4:27077/canvas/c676#xywh=533,1757,1936,60",0004_p16445coll4:27077.jpg
BOOKSELLERS,Booksellers in General,,,Wilkes Francis,,"16 Craven street, Strand",,"https://cdm16445.contentdm.oclc.org/iiif/p16445coll4:27077/canvas/c676#xywh=538,1825,1126,54",0004_p16445coll4:27077.jpg
BOOKSELLERS,Booksellers in General,,,Wilkes John C.,,20 Bridge st. Southwark,,"https://cdm16445.contentdm.oclc.org/iiif/p16445coll4:27077/canvas/c676#xywh=538,1886,2264,54",0004_p16445coll4:27077.jpg
BOOKSELLERS,Booksellers in General,†,Publishers,Wilkes Rt.,,22 Northumberland st. Strd,,"https://cdm16445.contentdm.oclc.org/iiif/p16445coll4:27077/canvas/c676#xywh=537,1949,3384,61",0004_p16445coll4:27077.jpg
BOOKSELLERS,Booksellers in General,,,Williams Daniel,,44 Holywell st. Strand,,"https://cdm16445.contentdm.oclc.org/iiif/p16445coll4:27077/canvas/c676#xywh=534,2015,1134,54",0004_p16445coll4:27077.jpg
BOOKSELLERS,Booksellers in General,,,Williams Edw. P.,,5 New Bridge st. Blkfrs,,"https://cdm16445.contentdm.oclc.org/iiif/p16445coll4:27077/canvas/c676#xywh=534,2077,1134,55",0004_p16445coll4:27077.jpg
BOOKSELLERS,Booksellers in General,†,Publishers,Willis Geo.,,37 Princes st. Leicester sq,,"https://cdm16445.contentdm.oclc.org/iiif/p16445coll4:27077/canvas/c676#xywh=537,2203,3388,63",0004_p16445coll4:27077.jpg
BOOKSELLERS,Booksellers in General,¶,Printsellers,Wilson Effingham,,18 Bishopsgate within,,"https://cdm16445.contentdm.oclc.org/iiif/p16445coll4:27077/canvas/c676#xywh=538,2269,3363,60",0004_p16445coll4:27077.jpg
BOOKSELLERS,Booksellers in General,‖†,General Stationers; Publishers,Wilson Charles,,157 Leadenhall street,,"https://cdm16445.contentdm.oclc.org/iiif/p16445coll4:27077/canvas/c676#xywh=538,2333,3382,60",0004_p16445coll4:27077.jpg
BOOKSELLERS,Booksellers in General,†*¶a,Publishers; Printers; Printsellers; Newsvenders,Wilson John,,78 Long acre,,"https://cdm16445.contentdm.oclc.org/iiif/p16445coll4:27077/canvas/c676#xywh=534,2394,906,60",0004_p16445coll4:27077.jpg
BOOKSELLERS,Booksellers in General,‖a,General Stationers; Newsvenders,Wilson John,,51 Lisson grove north,,"https://cdm16445.contentdm.oclc.org/iiif/p16445coll4:27077/canvas/c676#xywh=538,2457,3382,59",0004_p16445coll4:27077.jpg
BOOKSELLERS,Booksellers in General,,,Wilson Mrs. Margt.,,50 Basinghall street,,"https://cdm16445.contentdm.oclc.org/iiif/p16445coll4:27077/canvas/c676#xywh=538,2525,3333,56",0004_p16445coll4:27077.jpg
BOOKSELLERS,Booksellers in General,†,Publishers,Wix Henry,,41 New Bridge st. Blackfrs,,"https://cdm16445.contentdm.oclc.org/iiif/p16445coll4:27077/canvas/c676#xywh=534,2585,3383,60",0004_p16445coll4:27077.jpg
BOOKSELLERS,Booksellers in General,†,Publishers,Wood Wm.,,39 Tavistock st. Covent gar,,"https://cdm16445.contentdm.oclc.org/iiif/p16445coll4:27077/canvas/c676#xywh=534,2650,3083,56",0004_p16445coll4:27077.jpg
BOOKSELLERS,Booksellers in General,¶†,Printsellers; Publishers,Woolf Hen.,,42 Up. Berkeley st. Port. sq,,"https://cdm16445.contentdm.oclc.org/iiif/p16445coll4:27077/canvas/c676#xywh=538,2714,3306,56",0004_p16445coll4:27077.jpg
BOOKSELLERS,Booksellers in General,†*,Publishers; Printers,Wright Wm.,,13 Prospect pl. St. Geo. rd,,"https://cdm16445.contentdm.oclc.org/iiif/p16445coll4:27077/canvas/c676#xywh=534,2840,3250,59",0004_p16445coll4:27077.jpg
BOOKSELLERS,Booksellers in General,†,Publishers,Wright William C.,,4 Paternoster row,,"https://cdm16445.contentdm.oclc.org/iiif/p16445coll4:27077/canvas/c676#xywh=534,2905,3318,55",0004_p16445coll4:27077.jpg
BOOKSELLERS,Booksellers in General,,,Yates James,,141 Goswell street,,"https://cdm16445.contentdm.oclc.org/iiif/p16445coll4:27077/canvas/c676#xywh=542,2969,925,54",0004_p16445coll4:27077.jpg
BOOKSELLERS,Booksellers in General,a,Newsvenders,Young Richard,,7 York st. Sloane st,,"https://cdm16445.contentdm.oclc.org/iiif/p16445coll4:27077/canvas/c676#xywh=523,3032,1065,55",0004_p16445coll4:27077.jpg
BOOKSELLERS,Booksellers in General,†,Publishers,Wertheim Benjamin,,14 Paternoster row,,https://cdm16445.contentdm.oclc.org/iiif/p16445coll4:27077/canvas/c676,0004_p16445coll4:27077.jpg
BOOKSELLERS,Booksellers in General,†,Publishers,Whittaker G. B. & Co.,,13 Ave Maria lane,,https://cdm16445.contentdm.oclc.org/iiif/p16445coll4:27077/canvas/c676,0004_p16445coll4:27077.jpg
BOOKSELLERS,Booksellers in General,†,Publishers,Williams John,,44 Paternoster row,,https://cdm16445.contentdm.oclc.org/iiif/p16445coll4:27077/canvas/c676,0004_p16445coll4:27077.jpg
BOOKSELLERS,Booksellers in General,†‖,Publishers; General Stationers,Wright William N.,,60 Pall mall,,https://cdm16445.contentdm.oclc.org/iiif/p16445coll4:27077/canvas/c676,0004_p16445coll4:27077.jpg
